{
    "employees": [
        { "id": 1, "name": "Anna Kovács", "squad_id": 1, "position_id": 1 },
        { "id": 2, "name": "Béla Nagy", "squad_id": 2, "position_id": 1 },
        { "id": 3, "name": "Cecil Farkas", "squad_id": 3, "position_id": 2 },
        { "id": 4, "name": "Dávid Szabó", "squad_id": 4, "position_id": 4 },
        { "id": 5, "name": "Erika Kádár", "squad_id": 5, "position_id": 5 },
        { "id": 6, "name": "Fruzsina Tóth", "squad_id": 6, "position_id": 6 },
        { "id": 7, "name": "Gábor Horváth", "squad_id": 7, "position_id": 7 },
        { "id": 8, "name": "Zoltán Molnár", "squad_id": 1, "position_id": 1 },
        { "id": 9, "name": "Krisztina Szilágyi", "squad_id": 2, "position_id": 1 },
        { "id": 10, "name": "László Kiss", "squad_id": 3, "position_id": 2 },
        { "id": 11, "name": "Márta Nagy", "squad_id": 4, "position_id": 4 },
        { "id": 12, "name": "Péter Varga", "squad_id": 5, "position_id": 5 },
        { "id": 13, "name": "Judit Papp", "squad_id": 6, "position_id": 6 },
        { "id": 14, "name": "István Kovács", "squad_id": 7, "position_id": 7 },
        { "id": 15, "name": "János Farkas", "squad_id": 1, "position_id": 1 },
        { "id": 16, "name": "Zsuzsanna Tóth", "squad_id": 2, "position_id": 1 },
        { "id": 17, "name": "Gergely Szabó", "squad_id": 3, "position_id": 2 },
        { "id": 18, "name": "Andrea Kádár", "squad_id": 4, "position_id": 4 },
        { "id": 19, "name": "Tamás Horváth", "squad_id": 5, "position_id": 5 },
        { "id": 20, "name": "Eszter Nagy", "squad_id": 6, "position_id": 6 },
        { "id": 21, "name": "Róbert Molnár", "squad_id": 7, "position_id": 7 },
        { "id": 22, "name": "Miklós Kiss", "squad_id": 1, "position_id": 1 },
        { "id": 23, "name": "Lilla Papp", "squad_id": 2, "position_id": 1 },
        { "id": 24, "name": "Zoltán Varga", "squad_id": 3, "position_id": 2 },
        { "id": 25, "name": "Katalin Szilágyi", "squad_id": 4, "position_id": 4 },
        { "id": 26, "name": "Gábor Kádár", "squad_id": 5, "position_id": 5 },
        { "id": 27, "name": "Boglárka Horváth", "squad_id": 6, "position_id": 6 },
        { "id": 28, "name": "Ferenc Farkas", "squad_id": 7, "position_id": 7 },
        { "id": 29, "name": "Krisztina Kovács", "squad_id": 1, "position_id": 1 },
        { "id": 30, "name": "József Nagy", "squad_id": 2, "position_id": 1 },
        { "id": 31, "name": "Kornél Szabó", "squad_id": 3, "position_id": 2 },
        { "id": 32, "name": "Hajnalka Kádár", "squad_id": 4, "position_id": 4 },
        { "id": 33, "name": "Sára Molnár", "squad_id": 5, "position_id": 5 },
        { "id": 34, "name": "Zoltán Varga", "squad_id": 6, "position_id": 6 },
        { "id": 35, "name": "Judit Kiss", "squad_id": 7, "position_id": 7 }
    ]
}
