{
    "tasks": [
        {
            "project_id": 1,
            "story_id": 9,
            "creator_id": 19,
            "responsible_id": 11,
            "name": "Hibajegyek priorizálása",
            "description": "Valósítsd meg az alkalmazás személyre szabását felhasználói igények alapján.",
            "status": "analysis",
            "creation_date": "2024-01-01",
            "deadline": "2024-12-31"
        },
        {
            "project_id": 9,
            "story_id": 1,
            "creator_id": 28,
            "responsible_id": 25,
            "name": "Hibajegyek priorizálása",
            "description": "Fejlessz ki új funkciókat az alkalmazás adminisztrátori felületéhez.",
            "status": "completed",
            "creation_date": "2024-01-01",
            "deadline": "2024-12-31"
        },
        {
            "project_id": 1,
            "story_id": 16,
            "creator_id": 34,
            "responsible_id": 24,
            "name": "Funkcionalitás tesztelése",
            "description": "Javítsd az alkalmazás felhasználói élményét a dizájn és a funkcionalitás kombinálásával.",
            "status": "stopped",
            "creation_date": "2024-01-01",
            "deadline": "2024-12-31"
        },
        {
            "project_id": 4,
            "story_id": 12,
            "creator_id": 5,
            "responsible_id": 28,
            "name": "Felhasználói felület tervezése",
            "description": "Valósítsd meg az adatimportálást CSV fájlokból az alkalmazásba.",
            "status": "stopped",
            "creation_date": "2024-01-01",
            "deadline": "2024-12-31"
        },
        {
            "project_id": 3,
            "story_id": 16,
            "creator_id": 17,
            "responsible_id": 5,
            "name": "Új funkciók implementálása",
            "description": "Valósítsd meg a gyorsítótárazási stratégiát a szerver terhelésének csökkentésére.",
            "status": "escalation",
            "creation_date": "2024-01-01",
            "deadline": "2024-12-31"
        },
        {
            "project_id": 1,
            "story_id": 17,
            "creator_id": 27,
            "responsible_id": 27,
            "name": "Dokumentáció frissítése",
            "description": "Valósítsd meg az alkalmazás személyre szabását felhasználói igények alapján.",
            "status": "analysis",
            "creation_date": "2024-01-01",
            "deadline": "2024-12-31"
        },
        {
            "project_id": 3,
            "story_id": 10,
            "creator_id": 30,
            "responsible_id": 15,
            "name": "Hibaelhárítási útmutató készítése",
            "description": "Készíts egy felhasználói visszajelzés-gyűjtő rendszert az alkalmazáson belül.",
            "status": "escalation",
            "creation_date": "2024-01-01",
            "deadline": "2024-12-31"
        },
        {
            "project_id": 7,
            "story_id": 8,
            "creator_id": 3,
            "responsible_id": 18,
            "name": "Adatbázis sémák módosítása",
            "description": "Fejlessz RESTful API végpontokat a felhasználói hitelesítéshez.",
            "status": "analysis",
            "creation_date": "2024-01-01",
            "deadline": "2024-12-31"
        },
        {
            "project_id": 8,
            "story_id": 5,
            "creator_id": 18,
            "responsible_id": 31,
            "name": "Weboldal reszponzív tervezése",
            "description": "Telepítsd az új verziót a produkciós szerverre.",
            "status": "analysis",
            "creation_date": "2024-01-01",
            "deadline": "2024-12-31"
        },
        {
            "project_id": 8,
            "story_id": 10,
            "creator_id": 7,
            "responsible_id": 4,
            "name": "Felhasználói felület tervezése",
            "description": "Adj hozzá felhasználói profilkezelési funkciókat az alkalmazáshoz.",
            "status": "completed",
            "creation_date": "2024-01-01",
            "deadline": "2024-12-31"
        },
        {
            "project_id": 9,
            "story_id": 16,
            "creator_id": 28,
            "responsible_id": 29,
            "name": "Kibővített funkcionalitás tervezése",
            "description": "Telepítsd az új verziót a produkciós szerverre.",
            "status": "implementation",
            "creation_date": "2024-01-01",
            "deadline": "2024-12-31"
        },
        {
            "project_id": 5,
            "story_id": 6,
            "creator_id": 5,
            "responsible_id": 23,
            "name": "Dokumentáció frissítése",
            "description": "Írj migrációs szkripteket a legújabb adatbázis sémaváltozásokhoz.",
            "status": "analysis",
            "creation_date": "2024-01-01",
            "deadline": "2024-12-31"
        },
        {
            "project_id": 3,
            "story_id": 10,
            "creator_id": 18,
            "responsible_id": 7,
            "name": "Kód megfelelőségi ellenőrzése",
            "description": "Fejlessz RESTful API végpontokat a felhasználói hitelesítéshez.",
            "status": "escalation",
            "creation_date": "2024-01-01",
            "deadline": "2024-12-31"
        },
        {
            "project_id": 5,
            "story_id": 8,
            "creator_id": 2,
            "responsible_id": 8,
            "name": "Weboldal reszponzív tervezése",
            "description": "Adj hozzá felhasználói profilkezelési funkciókat az alkalmazáshoz.",
            "status": "analysis",
            "creation_date": "2024-01-01",
            "deadline": "2024-12-31"
        },
        {
            "project_id": 5,
            "story_id": 14,
            "creator_id": 11,
            "responsible_id": 16,
            "name": "Adatelemzési eszközök telepítése",
            "description": "Írj migrációs szkripteket a legújabb adatbázis sémaváltozásokhoz.",
            "status": "stopped",
            "creation_date": "2024-01-01",
            "deadline": "2024-12-31"
        },
        {
            "project_id": 9,
            "story_id": 14,
            "creator_id": 18,
            "responsible_id": 6,
            "name": "Képességek és készségek fejlesztése",
            "description": "Valósítsd meg az alkalmazás személyre szabását felhasználói igények alapján.",
            "status": "analysis",
            "creation_date": "2024-01-01",
            "deadline": "2024-12-31"
        },
        {
            "project_id": 3,
            "story_id": 16,
            "creator_id": 8,
            "responsible_id": 12,
            "name": "Funkcionális tesztek készítése",
            "description": "Írj automatizált end-to-end teszteket a kritikus munkafolyamatokhoz.",
            "status": "new",
            "creation_date": "2024-01-01",
            "deadline": "2024-12-31"
        },
        {
            "project_id": 6,
            "story_id": 17,
            "creator_id": 19,
            "responsible_id": 35,
            "name": "Képzés és dokumentáció a csapat számára",
            "description": "Optimalizáld az adatbázis lekérdezéseket a teljesítmény javítása érdekében.",
            "status": "implementation",
            "creation_date": "2024-01-01",
            "deadline": "2024-12-31"
        },
        {
            "project_id": 9,
            "story_id": 2,
            "creator_id": 19,
            "responsible_id": 25,
            "name": "Kódellenőrzések végrehajtása",
            "description": "Készíts új funkciókat az alkalmazás testreszabásához.",
            "status": "analysis",
            "creation_date": "2024-01-01",
            "deadline": "2024-12-31"
        },
        {
            "project_id": 1,
            "story_id": 7,
            "creator_id": 7,
            "responsible_id": 32,
            "name": "Kódellenőrzések végrehajtása",
            "description": "Fejleszd az alkalmazás adatvédelmi és biztonsági funkcióit.",
            "status": "escalation",
            "creation_date": "2024-01-01",
            "deadline": "2024-12-31"
        },
        {
            "project_id": 7,
            "story_id": 13,
            "creator_id": 24,
            "responsible_id": 3,
            "name": "Adatelemzési eszközök telepítése",
            "description": "Javítsd a biztonsági réseket a legutóbbi audit alapján.",
            "status": "stopped",
            "creation_date": "2024-01-01",
            "deadline": "2024-12-31"
        },
        {
            "project_id": 9,
            "story_id": 17,
            "creator_id": 10,
            "responsible_id": 7,
            "name": "Termék fejlesztési tervek kidolgozása",
            "description": "Javítsd a keresési funkciót, hogy tartalmazzon fejlett szűrőket.",
            "status": "analysis",
            "creation_date": "2024-01-01",
            "deadline": "2024-12-31"
        },
        {
            "project_id": 2,
            "story_id": 1,
            "creator_id": 8,
            "responsible_id": 15,
            "name": "Adatbázis mentések készítése",
            "description": "Készíts reszponzív dizájnt az alkalmazás mobil verziójához.",
            "status": "escalation",
            "creation_date": "2024-01-01",
            "deadline": "2024-12-31"
        },
        {
            "project_id": 9,
            "story_id": 4,
            "creator_id": 17,
            "responsible_id": 24,
            "name": "Képességek és készségek fejlesztése",
            "description": "Javítsd az alkalmazás felhasználói élményét a dizájn és a funkcionalitás kombinálásával.",
            "status": "new",
            "creation_date": "2024-01-01",
            "deadline": "2024-12-31"
        },
        {
            "project_id": 4,
            "story_id": 10,
            "creator_id": 19,
            "responsible_id": 3,
            "name": "Rendszerintegrációs tesztelés",
            "description": "Fejlessz ki egy új felhasználói bevezetési útmutatót az alkalmazáshoz.",
            "status": "completed",
            "creation_date": "2024-01-01",
            "deadline": "2024-12-31"
        },
        {
            "project_id": 5,
            "story_id": 1,
            "creator_id": 4,
            "responsible_id": 10,
            "name": "Felhasználói igények felmérése",
            "description": "Javítsd az alkalmazás betöltési idejét az eszközök optimalizálásával.",
            "status": "implementation",
            "creation_date": "2024-01-01",
            "deadline": "2024-12-31"
        },
        {
            "project_id": 2,
            "story_id": 14,
            "creator_id": 34,
            "responsible_id": 17,
            "name": "Kód minőségének ellenőrzése",
            "description": "Fejlessz RESTful API végpontokat a felhasználói hitelesítéshez.",
            "status": "escalation",
            "creation_date": "2024-01-01",
            "deadline": "2024-12-31"
        },
        {
            "project_id": 9,
            "story_id": 1,
            "creator_id": 21,
            "responsible_id": 28,
            "name": "Kódellenőrzések végrehajtása",
            "description": "Javítsd az alkalmazás hozzáférhetőségét a fogyatékkal élő felhasználók számára.",
            "status": "escalation",
            "creation_date": "2024-01-01",
            "deadline": "2024-12-31"
        },
        {
            "project_id": 9,
            "story_id": 8,
            "creator_id": 20,
            "responsible_id": 33,
            "name": "Jelentéskészítő eszközök beállítása",
            "description": "Fejlessz ki egy egyedi irányítópultot az adminisztrátorok számára a rendszer egészségének nyomon követésére.",
            "status": "new",
            "creation_date": "2024-01-01",
            "deadline": "2024-12-31"
        },
        {
            "project_id": 4,
            "story_id": 11,
            "creator_id": 5,
            "responsible_id": 24,
            "name": "Kibővített funkcionalitás tervezése",
            "description": "Frissítsd az alkalmazás felhasználói felületének dizájnját a legújabb trendek szerint.",
            "status": "new",
            "creation_date": "2024-01-01",
            "deadline": "2024-12-31"
        },
        {
            "project_id": 1,
            "story_id": 16,
            "creator_id": 19,
            "responsible_id": 2,
            "name": "Változások bevezetésének ütemezése",
            "description": "Fejlessz ki új funkciókat az alkalmazás adminisztrátori felületéhez.",
            "status": "implementation",
            "creation_date": "2024-01-01",
            "deadline": "2024-12-31"
        },
        {
            "project_id": 9,
            "story_id": 9,
            "creator_id": 8,
            "responsible_id": 11,
            "name": "Projekt ütemterv nyomon követése",
            "description": "Valósítsd meg az alkalmazás személyre szabását felhasználói igények alapján.",
            "status": "stopped",
            "creation_date": "2024-01-01",
            "deadline": "2024-12-31"
        },
        {
            "project_id": 3,
            "story_id": 1,
            "creator_id": 35,
            "responsible_id": 11,
            "name": "Bejelentkezési hibák javítása",
            "description": "Készíts új jelentéseket a felhasználói tevékenységekről.",
            "status": "stopped",
            "creation_date": "2024-01-01",
            "deadline": "2024-12-31"
        },
        {
            "project_id": 1,
            "story_id": 3,
            "creator_id": 31,
            "responsible_id": 34,
            "name": "Kód megfelelőségi ellenőrzése",
            "description": "Tedd lehetővé az alkalmazás konfigurációs beállításainak egyszerű kezelését.",
            "status": "new",
            "creation_date": "2024-01-01",
            "deadline": "2024-12-31"
        },
        {
            "project_id": 2,
            "story_id": 14,
            "creator_id": 9,
            "responsible_id": 7,
            "name": "Funkcionalitás tesztelése",
            "description": "Készíts reszponzív dizájnt az alkalmazás mobil verziójához.",
            "status": "stopped",
            "creation_date": "2024-01-01",
            "deadline": "2024-12-31"
        },
        {
            "project_id": 9,
            "story_id": 7,
            "creator_id": 9,
            "responsible_id": 29,
            "name": "Frissítési és karbantartási ütemterv készítése",
            "description": "Optimalizáld az adatbázis lekérdezéseket a teljesítmény javítása érdekében.",
            "status": "escalation",
            "creation_date": "2024-01-01",
            "deadline": "2024-12-31"
        },
        {
            "project_id": 8,
            "story_id": 16,
            "creator_id": 28,
            "responsible_id": 2,
            "name": "Funkcionális tesztek készítése",
            "description": "Javítsd a keresési funkciót, hogy tartalmazzon fejlett szűrőket.",
            "status": "new",
            "creation_date": "2024-01-01",
            "deadline": "2024-12-31"
        },
        {
            "project_id": 3,
            "story_id": 2,
            "creator_id": 30,
            "responsible_id": 3,
            "name": "Funkciók és teljesítmény optimalizálása",
            "description": "Javítsd ki a hibát, amely megszakadásokhoz vezet a bejelentkezési folyamat során.",
            "status": "escalation",
            "creation_date": "2024-01-01",
            "deadline": "2024-12-31"
        },
        {
            "project_id": 9,
            "story_id": 13,
            "creator_id": 16,
            "responsible_id": 25,
            "name": "Adatelemzési eszközök telepítése",
            "description": "Javítsd a biztonsági réseket a legutóbbi audit alapján.",
            "status": "stopped",
            "creation_date": "2024-01-01",
            "deadline": "2024-12-31"
        },
        {
            "project_id": 6,
            "story_id": 17,
            "creator_id": 12,
            "responsible_id": 4,
            "name": "Funkciók és teljesítmény optimalizálása",
            "description": "Frissítsd az alkalmazás felhasználói felületének dizájnját a legújabb trendek szerint.",
            "status": "completed",
            "creation_date": "2024-01-01",
            "deadline": "2024-12-31"
        },
        {
            "project_id": 6,
            "story_id": 15,
            "creator_id": 16,
            "responsible_id": 7,
            "name": "Képzés és dokumentáció a csapat számára",
            "description": "Fejlessz RESTful API végpontokat a felhasználói hitelesítéshez.",
            "status": "implementation",
            "creation_date": "2024-01-01",
            "deadline": "2024-12-31"
        },
        {
            "project_id": 5,
            "story_id": 12,
            "creator_id": 13,
            "responsible_id": 15,
            "name": "Dokumentáció frissítése",
            "description": "Készíts új funkciókat az alkalmazás testreszabásához.",
            "status": "new",
            "creation_date": "2024-01-01",
            "deadline": "2024-12-31"
        },
        {
            "project_id": 2,
            "story_id": 9,
            "creator_id": 27,
            "responsible_id": 20,
            "name": "Adatbázis lekérdezések optimalizálása",
            "description": "Készíts új funkciókat a felhasználói értesítésekhez.",
            "status": "analysis",
            "creation_date": "2024-01-01",
            "deadline": "2024-12-31"
        },
        {
            "project_id": 1,
            "story_id": 2,
            "creator_id": 29,
            "responsible_id": 14,
            "name": "Kód minőségének ellenőrzése",
            "description": "Valósítsd meg a felhasználói jogosultságok és szerepkörök kezelését.",
            "status": "escalation",
            "creation_date": "2024-01-01",
            "deadline": "2024-12-31"
        },
        {
            "project_id": 6,
            "story_id": 9,
            "creator_id": 13,
            "responsible_id": 17,
            "name": "Adatbázis lekérdezések optimalizálása",
            "description": "Készíts reszponzív dizájnt az alkalmazás mobil verziójához.",
            "status": "completed",
            "creation_date": "2024-01-01",
            "deadline": "2024-12-31"
        },
        {
            "project_id": 7,
            "story_id": 8,
            "creator_id": 19,
            "responsible_id": 14,
            "name": "Jelentéskészítő eszközök beállítása",
            "description": "Integráld a harmadik fél által nyújtott fizetési átjárót a tranzakciókhoz.",
            "status": "escalation",
            "creation_date": "2024-01-01",
            "deadline": "2024-12-31"
        },
        {
            "project_id": 9,
            "story_id": 7,
            "creator_id": 25,
            "responsible_id": 11,
            "name": "Szerver teljesítményének javítása",
            "description": "Javítsd az alkalmazás adatkezelési képességeit.",
            "status": "implementation",
            "creation_date": "2024-01-01",
            "deadline": "2024-12-31"
        },
        {
            "project_id": 8,
            "story_id": 9,
            "creator_id": 18,
            "responsible_id": 17,
            "name": "Szerver teljesítményének javítása",
            "description": "Készíts reszponzív dizájnt az alkalmazás mobil verziójához.",
            "status": "implementation",
            "creation_date": "2024-01-01",
            "deadline": "2024-12-31"
        },
        {
            "project_id": 6,
            "story_id": 15,
            "creator_id": 33,
            "responsible_id": 15,
            "name": "Ügyfélszolgálati igények kezelése",
            "description": "Javítsd az alkalmazás betöltési idejét az eszközök optimalizálásával.",
            "status": "completed",
            "creation_date": "2024-01-01",
            "deadline": "2024-12-31"
        },
        {
            "project_id": 5,
            "story_id": 9,
            "creator_id": 25,
            "responsible_id": 30,
            "name": "Hibaelhárítási útmutató készítése",
            "description": "Refaktoráld a régi kódot a teljesítmény és olvashatóság javítása érdekében.",
            "status": "analysis",
            "creation_date": "2024-01-01",
            "deadline": "2024-12-31"
        },
        {
            "project_id": 7,
            "story_id": 14,
            "creator_id": 24,
            "responsible_id": 8,
            "name": "Adatbázis mentések készítése",
            "description": "Optimalizáld az adatbázis lekérdezéseket a teljesítmény javítása érdekében.",
            "status": "analysis",
            "creation_date": "2024-01-01",
            "deadline": "2024-12-31"
        },
        {
            "project_id": 6,
            "story_id": 11,
            "creator_id": 24,
            "responsible_id": 14,
            "name": "Weboldal reszponzív tervezése",
            "description": "Állítsd be a folyamatos integrációs és telepítési folyamatokat.",
            "status": "implementation",
            "creation_date": "2024-01-01",
            "deadline": "2024-12-31"
        },
        {
            "project_id": 9,
            "story_id": 5,
            "creator_id": 35,
            "responsible_id": 9,
            "name": "Kódellenőrzések végrehajtása",
            "description": "Írj átfogó egységteszteket az új funkciókhoz.",
            "status": "escalation",
            "creation_date": "2024-01-01",
            "deadline": "2024-12-31"
        },
        {
            "project_id": 3,
            "story_id": 13,
            "creator_id": 2,
            "responsible_id": 33,
            "name": "Adatbázis sémák módosítása",
            "description": "Tedd lehetővé az alkalmazás automatikus frissítéseit.",
            "status": "stopped",
            "creation_date": "2024-01-01",
            "deadline": "2024-12-31"
        },
        {
            "project_id": 8,
            "story_id": 13,
            "creator_id": 21,
            "responsible_id": 31,
            "name": "Frissítési és karbantartási ütemterv készítése",
            "description": "Javítsd az alkalmazás teljesítményét a háttérszolgáltatások optimalizálásával.",
            "status": "analysis",
            "creation_date": "2024-01-01",
            "deadline": "2024-12-31"
        },
        {
            "project_id": 3,
            "story_id": 14,
            "creator_id": 19,
            "responsible_id": 5,
            "name": "Adatbázis lekérdezések optimalizálása",
            "description": "Írj migrációs szkripteket a legújabb adatbázis sémaváltozásokhoz.",
            "status": "implementation",
            "creation_date": "2024-01-01",
            "deadline": "2024-12-31"
        },
        {
            "project_id": 9,
            "story_id": 13,
            "creator_id": 12,
            "responsible_id": 14,
            "name": "Belső auditok végrehajtása",
            "description": "Valósítsd meg a felhasználói jogosultságok és szerepkörök kezelését.",
            "status": "stopped",
            "creation_date": "2024-01-01",
            "deadline": "2024-12-31"
        },
        {
            "project_id": 1,
            "story_id": 8,
            "creator_id": 17,
            "responsible_id": 29,
            "name": "Képességek és készségek fejlesztése",
            "description": "Fejlessz ki egy egyedi irányítópultot az adminisztrátorok számára a rendszer egészségének nyomon követésére.",
            "status": "escalation",
            "creation_date": "2024-01-01",
            "deadline": "2024-12-31"
        },
        {
            "project_id": 7,
            "story_id": 18,
            "creator_id": 34,
            "responsible_id": 32,
            "name": "Kód minőségének ellenőrzése",
            "description": "Frissítsd az alkalmazás adatvédelmi irányelveit, hogy megfeleljen az új szabályozásoknak.",
            "status": "analysis",
            "creation_date": "2024-01-01",
            "deadline": "2024-12-31"
        },
        {
            "project_id": 6,
            "story_id": 9,
            "creator_id": 9,
            "responsible_id": 15,
            "name": "UI hibák javítása",
            "description": "Javítsd az alkalmazás teljesítményét a háttérszolgáltatások optimalizálásával.",
            "status": "stopped",
            "creation_date": "2024-01-01",
            "deadline": "2024-12-31"
        },
        {
            "project_id": 5,
            "story_id": 16,
            "creator_id": 7,
            "responsible_id": 12,
            "name": "Funkcionális tesztek készítése",
            "description": "Optimalizáld az alkalmazás memóriahasználatát.",
            "status": "analysis",
            "creation_date": "2024-01-01",
            "deadline": "2024-12-31"
        },
        {
            "project_id": 5,
            "story_id": 6,
            "creator_id": 31,
            "responsible_id": 34,
            "name": "Fejlesztői környezet konfigurálása",
            "description": "Írj migrációs szkripteket a legújabb adatbázis sémaváltozásokhoz.",
            "status": "new",
            "creation_date": "2024-01-01",
            "deadline": "2024-12-31"
        },
        {
            "project_id": 9,
            "story_id": 18,
            "creator_id": 2,
            "responsible_id": 27,
            "name": "Funkciók és teljesítmény optimalizálása",
            "description": "Valósítsd meg az új funkciót, amely lehetővé teszi a felhasználói adatok CSV-be történő exportálását.",
            "status": "analysis",
            "creation_date": "2024-01-01",
            "deadline": "2024-12-31"
        },
        {
            "project_id": 5,
            "story_id": 2,
            "creator_id": 29,
            "responsible_id": 12,
            "name": "Kódellenőrzések végrehajtása",
            "description": "Optimalizáld az alkalmazás memóriahasználatát.",
            "status": "completed",
            "creation_date": "2024-01-01",
            "deadline": "2024-12-31"
        },
        {
            "project_id": 1,
            "story_id": 11,
            "creator_id": 13,
            "responsible_id": 30,
            "name": "Felhasználói visszajelzések elemzése",
            "description": "Végezz el kódellenőrzéseket a fejlesztői csapat által benyújtott pull requesteknél.",
            "status": "implementation",
            "creation_date": "2024-01-01",
            "deadline": "2024-12-31"
        },
        {
            "project_id": 4,
            "story_id": 3,
            "creator_id": 11,
            "responsible_id": 7,
            "name": "Képességek és készségek fejlesztése",
            "description": "Integráld a harmadik fél által nyújtott fizetési átjárót a tranzakciókhoz.",
            "status": "completed",
            "creation_date": "2024-01-01",
            "deadline": "2024-12-31"
        },
        {
            "project_id": 5,
            "story_id": 16,
            "creator_id": 1,
            "responsible_id": 32,
            "name": "Felhasználói igények felmérése",
            "description": "Írj átfogó egységteszteket az új funkciókhoz.",
            "status": "new",
            "creation_date": "2024-01-01",
            "deadline": "2024-12-31"
        },
        {
            "project_id": 3,
            "story_id": 8,
            "creator_id": 5,
            "responsible_id": 26,
            "name": "Hibaelhárítási útmutató készítése",
            "description": "Készíts új jelentéseket a felhasználói tevékenységekről.",
            "status": "stopped",
            "creation_date": "2024-01-01",
            "deadline": "2024-12-31"
        },
        {
            "project_id": 3,
            "story_id": 18,
            "creator_id": 31,
            "responsible_id": 4,
            "name": "Funkcionalitás tesztelése",
            "description": "Állítsd be a folyamatos integrációs és telepítési folyamatokat.",
            "status": "stopped",
            "creation_date": "2024-01-01",
            "deadline": "2024-12-31"
        },
        {
            "project_id": 7,
            "story_id": 3,
            "creator_id": 25,
            "responsible_id": 6,
            "name": "Adatbázis mentések készítése",
            "description": "Frissítsd az alkalmazás felhasználói felületének dizájnját a legújabb trendek szerint.",
            "status": "completed",
            "creation_date": "2024-01-01",
            "deadline": "2024-12-31"
        },
        {
            "project_id": 7,
            "story_id": 7,
            "creator_id": 13,
            "responsible_id": 4,
            "name": "Egységtesztek írása",
            "description": "Készíts új funkciókat az alkalmazás testreszabásához.",
            "status": "new",
            "creation_date": "2024-01-01",
            "deadline": "2024-12-31"
        },
        {
            "project_id": 5,
            "story_id": 13,
            "creator_id": 20,
            "responsible_id": 8,
            "name": "Felhasználói felület tervezése",
            "description": "Készíts új funkciókat az alkalmazás testreszabásához.",
            "status": "new",
            "creation_date": "2024-01-01",
            "deadline": "2024-12-31"
        },
        {
            "project_id": 7,
            "story_id": 3,
            "creator_id": 32,
            "responsible_id": 30,
            "name": "Projekt ütemterv nyomon követése",
            "description": "Írj átfogó egységteszteket az új funkciókhoz.",
            "status": "escalation",
            "creation_date": "2024-01-01",
            "deadline": "2024-12-31"
        },
        {
            "project_id": 4,
            "story_id": 18,
            "creator_id": 34,
            "responsible_id": 11,
            "name": "Funkciók és teljesítmény optimalizálása",
            "description": "Optimalizáld az alkalmazás memóriahasználatát.",
            "status": "escalation",
            "creation_date": "2024-01-01",
            "deadline": "2024-12-31"
        },
        {
            "project_id": 5,
            "story_id": 7,
            "creator_id": 16,
            "responsible_id": 35,
            "name": "Felhasználói visszajelzések elemzése",
            "description": "Frissítsd az alkalmazás adatvédelmi irányelveit, hogy megfeleljen az új szabályozásoknak.",
            "status": "new",
            "creation_date": "2024-01-01",
            "deadline": "2024-12-31"
        },
        {
            "project_id": 2,
            "story_id": 11,
            "creator_id": 7,
            "responsible_id": 14,
            "name": "Adatbázis sémák módosítása",
            "description": "Fejleszd az alkalmazás offline működési képességeit.",
            "status": "new",
            "creation_date": "2024-01-01",
            "deadline": "2024-12-31"
        },
        {
            "project_id": 8,
            "story_id": 11,
            "creator_id": 9,
            "responsible_id": 5,
            "name": "Kliens oldali teljesítmény javítása",
            "description": "Valósítsd meg a gyorsítótárazási stratégiát a szerver terhelésének csökkentésére.",
            "status": "escalation",
            "creation_date": "2024-01-01",
            "deadline": "2024-12-31"
        },
        {
            "project_id": 5,
            "story_id": 4,
            "creator_id": 32,
            "responsible_id": 9,
            "name": "Projekt ütemterv nyomon követése",
            "description": "Írj dokumentációt az alkalmazás API végpontjairól.",
            "status": "completed",
            "creation_date": "2024-01-01",
            "deadline": "2024-12-31"
        },
        {
            "project_id": 1,
            "story_id": 14,
            "creator_id": 18,
            "responsible_id": 28,
            "name": "Rendszerarchitektúra tervezése",
            "description": "Telepítsd az új verziót a produkciós szerverre.",
            "status": "implementation",
            "creation_date": "2024-01-01",
            "deadline": "2024-12-31"
        },
        {
            "project_id": 8,
            "story_id": 13,
            "creator_id": 11,
            "responsible_id": 25,
            "name": "Kód megfelelőségi ellenőrzése",
            "description": "Valósítsd meg a gyorsítótárazási stratégiát a szerver terhelésének csökkentésére.",
            "status": "stopped",
            "creation_date": "2024-01-01",
            "deadline": "2024-12-31"
        },
        {
            "project_id": 4,
            "story_id": 16,
            "creator_id": 16,
            "responsible_id": 29,
            "name": "Alkalmazás telepítése",
            "description": "Készíts új jelentéseket az alkalmazás felhasználói tevékenységeiről.",
            "status": "stopped",
            "creation_date": "2024-01-01",
            "deadline": "2024-12-31"
        },
        {
            "project_id": 8,
            "story_id": 4,
            "creator_id": 23,
            "responsible_id": 20,
            "name": "Felhasználói történetek dokumentálása",
            "description": "Készíts egy felhasználói visszajelzés-gyűjtő rendszert az alkalmazáson belül.",
            "status": "stopped",
            "creation_date": "2024-01-01",
            "deadline": "2024-12-31"
        },
        {
            "project_id": 6,
            "story_id": 10,
            "creator_id": 25,
            "responsible_id": 6,
            "name": "Kliens oldali teljesítmény javítása",
            "description": "Optimalizáld az alkalmazás memóriahasználatát.",
            "status": "escalation",
            "creation_date": "2024-01-01",
            "deadline": "2024-12-31"
        },
        {
            "project_id": 4,
            "story_id": 16,
            "creator_id": 5,
            "responsible_id": 26,
            "name": "Kibővített funkcionalitás tervezése",
            "description": "Javítsd az alkalmazás adatkezelési képességeit.",
            "status": "new",
            "creation_date": "2024-01-01",
            "deadline": "2024-12-31"
        },
        {
            "project_id": 8,
            "story_id": 9,
            "creator_id": 34,
            "responsible_id": 30,
            "name": "Felhasználói történetek dokumentálása",
            "description": "Javítsd az alkalmazás teljesítményét a háttérszolgáltatások optimalizálásával.",
            "status": "completed",
            "creation_date": "2024-01-01",
            "deadline": "2024-12-31"
        },
        {
            "project_id": 4,
            "story_id": 13,
            "creator_id": 20,
            "responsible_id": 17,
            "name": "Rendszerarchitektúra tervezése",
            "description": "Valósítsd meg az alkalmazás személyre szabását felhasználói igények alapján.",
            "status": "completed",
            "creation_date": "2024-01-01",
            "deadline": "2024-12-31"
        },
        {
            "project_id": 3,
            "story_id": 6,
            "creator_id": 13,
            "responsible_id": 4,
            "name": "Alkalmazás telepítése",
            "description": "Javítsd az alkalmazás keresési algoritmusát a pontosabb találatok érdekében.",
            "status": "escalation",
            "creation_date": "2024-01-01",
            "deadline": "2024-12-31"
        },
        {
            "project_id": 6,
            "story_id": 17,
            "creator_id": 14,
            "responsible_id": 7,
            "name": "API dokumentáció frissítése",
            "description": "Javítsd az hibajegyzékeket, hogy részletesebb információkat tartalmazzanak.",
            "status": "new",
            "creation_date": "2024-01-01",
            "deadline": "2024-12-31"
        },
        {
            "project_id": 8,
            "story_id": 2,
            "creator_id": 4,
            "responsible_id": 2,
            "name": "Adatbiztonsági intézkedések ellenőrzése",
            "description": "Javítsd az alkalmazás betöltési idejét az eszközök optimalizálásával.",
            "status": "escalation",
            "creation_date": "2024-01-01",
            "deadline": "2024-12-31"
        },
        {
            "project_id": 2,
            "story_id": 14,
            "creator_id": 8,
            "responsible_id": 22,
            "name": "Felhasználói igények felmérése",
            "description": "Fejleszd az alkalmazás adatvédelmi és biztonsági funkcióit.",
            "status": "completed",
            "creation_date": "2024-01-01",
            "deadline": "2024-12-31"
        },
        {
            "project_id": 4,
            "story_id": 11,
            "creator_id": 2,
            "responsible_id": 34,
            "name": "Fejlesztési sprint tervezése",
            "description": "Készíts reszponzív dizájnt az alkalmazás mobil verziójához.",
            "status": "new",
            "creation_date": "2024-01-01",
            "deadline": "2024-12-31"
        },
        {
            "project_id": 8,
            "story_id": 14,
            "creator_id": 1,
            "responsible_id": 7,
            "name": "Kódellenőrzések végrehajtása",
            "description": "Fejleszd az alkalmazás offline működési képességeit.",
            "status": "analysis",
            "creation_date": "2024-01-01",
            "deadline": "2024-12-31"
        },
        {
            "project_id": 6,
            "story_id": 2,
            "creator_id": 26,
            "responsible_id": 22,
            "name": "UI hibák javítása",
            "description": "Frissítsd az alkalmazás felhasználói felületének dizájnját a legújabb trendek szerint.",
            "status": "new",
            "creation_date": "2024-01-01",
            "deadline": "2024-12-31"
        },
        {
            "project_id": 6,
            "story_id": 18,
            "creator_id": 29,
            "responsible_id": 28,
            "name": "Dokumentáció frissítése",
            "description": "Javítsd az alkalmazás adatkezelési képességeit.",
            "status": "completed",
            "creation_date": "2024-01-01",
            "deadline": "2024-12-31"
        },
        {
            "project_id": 6,
            "story_id": 8,
            "creator_id": 31,
            "responsible_id": 9,
            "name": "Adatbázis sémák módosítása",
            "description": "Készíts reszponzív dizájnt az alkalmazás mobil verziójához.",
            "status": "new",
            "creation_date": "2024-01-01",
            "deadline": "2024-12-31"
        },
        {
            "project_id": 6,
            "story_id": 12,
            "creator_id": 33,
            "responsible_id": 15,
            "name": "Felhasználói történetek dokumentálása",
            "description": "Tedd lehetővé az alkalmazás automatikus frissítéseit.",
            "status": "stopped",
            "creation_date": "2024-01-01",
            "deadline": "2024-12-31"
        },
        {
            "project_id": 6,
            "story_id": 12,
            "creator_id": 19,
            "responsible_id": 25,
            "name": "Kibővített funkcionalitás tervezése",
            "description": "Integráld a harmadik fél által nyújtott fizetési átjárót a tranzakciókhoz.",
            "status": "completed",
            "creation_date": "2024-01-01",
            "deadline": "2024-12-31"
        },
        {
            "project_id": 8,
            "story_id": 11,
            "creator_id": 8,
            "responsible_id": 34,
            "name": "Weboldal reszponzív tervezése",
            "description": "Fejlessz RESTful API végpontokat a felhasználói hitelesítéshez.",
            "status": "implementation",
            "creation_date": "2024-01-01",
            "deadline": "2024-12-31"
        },
        {
            "project_id": 2,
            "story_id": 11,
            "creator_id": 34,
            "responsible_id": 7,
            "name": "Új funkciók prototípusainak készítése",
            "description": "Tervezd meg és valósítsd meg a fő irányítópult felhasználói felületét.",
            "status": "completed",
            "creation_date": "2024-01-01",
            "deadline": "2024-12-31"
        },
        {
            "project_id": 8,
            "story_id": 12,
            "creator_id": 33,
            "responsible_id": 32,
            "name": "Alkalmazás telepítése",
            "description": "Adj hozzá felhasználói profilkezelési funkciókat az alkalmazáshoz.",
            "status": "analysis",
            "creation_date": "2024-01-01",
            "deadline": "2024-12-31"
        },
        {
            "project_id": 2,
            "story_id": 12,
            "creator_id": 29,
            "responsible_id": 15,
            "name": "Hibajegyek kezelése és nyomon követése",
            "description": "Javítsd az alkalmazás felhasználói élményét a dizájn és a funkcionalitás kombinálásával.",
            "status": "stopped",
            "creation_date": "2024-01-01",
            "deadline": "2024-12-31"
        },
        {
            "project_id": 4,
            "story_id": 7,
            "creator_id": 5,
            "responsible_id": 3,
            "name": "Jelentéskészítő eszközök beállítása",
            "description": "Tervezd meg és valósítsd meg a fő irányítópult felhasználói felületét.",
            "status": "completed",
            "creation_date": "2024-01-01",
            "deadline": "2024-12-31"
        },
        {
            "project_id": 1,
            "story_id": 14,
            "creator_id": 15,
            "responsible_id": 15,
            "name": "Weboldal reszponzív tervezése",
            "description": "Fejlessz RESTful API végpontokat a felhasználói hitelesítéshez.",
            "status": "new",
            "creation_date": "2024-01-01",
            "deadline": "2024-12-31"
        },
        {
            "project_id": 7,
            "story_id": 14,
            "creator_id": 17,
            "responsible_id": 8,
            "name": "Felhasználói igények felmérése",
            "description": "Tedd lehetővé az alkalmazás automatikus frissítéseit.",
            "status": "completed",
            "creation_date": "2024-01-01",
            "deadline": "2024-12-31"
        },
        {
            "project_id": 6,
            "story_id": 5,
            "creator_id": 18,
            "responsible_id": 7,
            "name": "Rendszerintegrációs tesztelés",
            "description": "Végezz el kódellenőrzéseket a fejlesztői csapat által benyújtott pull requesteknél.",
            "status": "stopped",
            "creation_date": "2024-01-01",
            "deadline": "2024-12-31"
        },
        {
            "project_id": 4,
            "story_id": 1,
            "creator_id": 1,
            "responsible_id": 9,
            "name": "Kliens oldali teljesítmény javítása",
            "description": "Készíts reszponzív dizájnt az alkalmazás mobil verziójához.",
            "status": "escalation",
            "creation_date": "2024-01-01",
            "deadline": "2024-12-31"
        },
        {
            "project_id": 6,
            "story_id": 5,
            "creator_id": 13,
            "responsible_id": 30,
            "name": "Egységtesztek írása",
            "description": "Javítsd az alkalmazás betöltési idejét az eszközök optimalizálásával.",
            "status": "new",
            "creation_date": "2024-01-01",
            "deadline": "2024-12-31"
        },
        {
            "project_id": 4,
            "story_id": 17,
            "creator_id": 11,
            "responsible_id": 31,
            "name": "Felhasználói visszajelzések elemzése",
            "description": "Refaktoráld a régi kódot a teljesítmény és olvashatóság javítása érdekében.",
            "status": "completed",
            "creation_date": "2024-01-01",
            "deadline": "2024-12-31"
        },
        {
            "project_id": 6,
            "story_id": 16,
            "creator_id": 14,
            "responsible_id": 24,
            "name": "Projekt ütemterv nyomon követése",
            "description": "Írj automatizált end-to-end teszteket a kritikus munkafolyamatokhoz.",
            "status": "completed",
            "creation_date": "2024-01-01",
            "deadline": "2024-12-31"
        },
        {
            "project_id": 5,
            "story_id": 18,
            "creator_id": 18,
            "responsible_id": 7,
            "name": "Kód refaktorálása teljesítményjavítás céljából",
            "description": "Implementáld az új jelentési eszközöket az alkalmazásban.",
            "status": "escalation",
            "creation_date": "2024-01-01",
            "deadline": "2024-12-31"
        },
        {
            "project_id": 9,
            "story_id": 3,
            "creator_id": 8,
            "responsible_id": 31,
            "name": "Dokumentáció frissítése",
            "description": "Fejleszd az alkalmazás hibakezelési és naplózási rendszereit.",
            "status": "analysis",
            "creation_date": "2024-01-01",
            "deadline": "2024-12-31"
        },
        {
            "project_id": 7,
            "story_id": 12,
            "creator_id": 33,
            "responsible_id": 19,
            "name": "Képességek és készségek fejlesztése",
            "description": "Fejleszd az alkalmazás hibakezelési és naplózási rendszereit.",
            "status": "new",
            "creation_date": "2024-01-01",
            "deadline": "2024-12-31"
        },
        {
            "project_id": 4,
            "story_id": 5,
            "creator_id": 2,
            "responsible_id": 9,
            "name": "Funkcionális tesztek készítése",
            "description": "Javítsd az alkalmazás hozzáférhetőségét a fogyatékkal élő felhasználók számára.",
            "status": "implementation",
            "creation_date": "2024-01-01",
            "deadline": "2024-12-31"
        },
        {
            "project_id": 6,
            "story_id": 16,
            "creator_id": 30,
            "responsible_id": 23,
            "name": "Kódellenőrzések végrehajtása",
            "description": "Javítsd az alkalmazás felhasználói élményét a dizájn és a funkcionalitás kombinálásával.",
            "status": "new",
            "creation_date": "2024-01-01",
            "deadline": "2024-12-31"
        },
        {
            "project_id": 1,
            "story_id": 2,
            "creator_id": 15,
            "responsible_id": 17,
            "name": "Szerver teljesítményének javítása",
            "description": "Adj hozzá felhasználói profilkezelési funkciókat az alkalmazáshoz.",
            "status": "stopped",
            "creation_date": "2024-01-01",
            "deadline": "2024-12-31"
        },
        {
            "project_id": 7,
            "story_id": 3,
            "creator_id": 15,
            "responsible_id": 4,
            "name": "Weboldal reszponzív tervezése",
            "description": "Javítsd az alkalmazás adatkezelési képességeit.",
            "status": "analysis",
            "creation_date": "2024-01-01",
            "deadline": "2024-12-31"
        },
        {
            "project_id": 8,
            "story_id": 14,
            "creator_id": 35,
            "responsible_id": 22,
            "name": "Termék fejlesztési tervek kidolgozása",
            "description": "Javítsd az hibajegyzékeket, hogy részletesebb információkat tartalmazzanak.",
            "status": "analysis",
            "creation_date": "2024-01-01",
            "deadline": "2024-12-31"
        },
        {
            "project_id": 3,
            "story_id": 12,
            "creator_id": 20,
            "responsible_id": 22,
            "name": "Új funkciók implementálása",
            "description": "Javítsd a biztonsági réseket a legutóbbi audit alapján.",
            "status": "new",
            "creation_date": "2024-01-01",
            "deadline": "2024-12-31"
        },
        {
            "project_id": 5,
            "story_id": 9,
            "creator_id": 6,
            "responsible_id": 19,
            "name": "Adatimportálási folyamatok javítása",
            "description": "Írj migrációs szkripteket a legújabb adatbázis sémaváltozásokhoz.",
            "status": "analysis",
            "creation_date": "2024-01-01",
            "deadline": "2024-12-31"
        },
        {
            "project_id": 5,
            "story_id": 15,
            "creator_id": 33,
            "responsible_id": 32,
            "name": "Funkcionális tesztek készítése",
            "description": "Javítsd a keresési funkciót, hogy tartalmazzon fejlett szűrőket.",
            "status": "implementation",
            "creation_date": "2024-01-01",
            "deadline": "2024-12-31"
        },
        {
            "project_id": 2,
            "story_id": 17,
            "creator_id": 28,
            "responsible_id": 5,
            "name": "Szerver teljesítményének javítása",
            "description": "Készíts új felhasználói segédleteket az alkalmazás használatához.",
            "status": "completed",
            "creation_date": "2024-01-01",
            "deadline": "2024-12-31"
        },
        {
            "project_id": 8,
            "story_id": 5,
            "creator_id": 23,
            "responsible_id": 6,
            "name": "Kódellenőrzések végrehajtása",
            "description": "Készíts új felhasználói segédleteket az alkalmazás használatához.",
            "status": "analysis",
            "creation_date": "2024-01-01",
            "deadline": "2024-12-31"
        },
        {
            "project_id": 6,
            "story_id": 14,
            "creator_id": 10,
            "responsible_id": 9,
            "name": "Új funkciók implementálása",
            "description": "Valósítsd meg az új funkciót, amely lehetővé teszi a felhasználói adatok CSV-be történő exportálását.",
            "status": "new",
            "creation_date": "2024-01-01",
            "deadline": "2024-12-31"
        },
        {
            "project_id": 9,
            "story_id": 4,
            "creator_id": 4,
            "responsible_id": 27,
            "name": "Bejelentkezési hibák javítása",
            "description": "Fejlessz ki egy egyedi irányítópultot az adminisztrátorok számára a rendszer egészségének nyomon követésére.",
            "status": "stopped",
            "creation_date": "2024-01-01",
            "deadline": "2024-12-31"
        },
        {
            "project_id": 2,
            "story_id": 2,
            "creator_id": 10,
            "responsible_id": 14,
            "name": "API dokumentáció frissítése",
            "description": "Javítsd az alkalmazás teljesítményét a háttérszolgáltatások optimalizálásával.",
            "status": "new",
            "creation_date": "2024-01-01",
            "deadline": "2024-12-31"
        },
        {
            "project_id": 6,
            "story_id": 10,
            "creator_id": 25,
            "responsible_id": 13,
            "name": "Kódellenőrzések végrehajtása",
            "description": "Fejleszd az alkalmazás adatvédelmi és biztonsági funkcióit.",
            "status": "stopped",
            "creation_date": "2024-01-01",
            "deadline": "2024-12-31"
        },
        {
            "project_id": 6,
            "story_id": 7,
            "creator_id": 13,
            "responsible_id": 23,
            "name": "Adatbiztonsági intézkedések ellenőrzése",
            "description": "Javítsd a keresési funkciót, hogy tartalmazzon fejlett szűrőket.",
            "status": "implementation",
            "creation_date": "2024-01-01",
            "deadline": "2024-12-31"
        },
        {
            "project_id": 8,
            "story_id": 13,
            "creator_id": 24,
            "responsible_id": 8,
            "name": "Weboldal reszponzív tervezése",
            "description": "Írj migrációs szkripteket a legújabb adatbázis sémaváltozásokhoz.",
            "status": "new",
            "creation_date": "2024-01-01",
            "deadline": "2024-12-31"
        },
        {
            "project_id": 6,
            "story_id": 12,
            "creator_id": 32,
            "responsible_id": 4,
            "name": "Kibővített jelentések készítése",
            "description": "Valósítsd meg az adatimportálást CSV fájlokból az alkalmazásba.",
            "status": "implementation",
            "creation_date": "2024-01-01",
            "deadline": "2024-12-31"
        },
        {
            "project_id": 8,
            "story_id": 3,
            "creator_id": 7,
            "responsible_id": 22,
            "name": "Adatbázis sémák módosítása",
            "description": "Javítsd az alkalmazás hozzáférhetőségét a fogyatékkal élő felhasználók számára.",
            "status": "analysis",
            "creation_date": "2024-01-01",
            "deadline": "2024-12-31"
        },
        {
            "project_id": 6,
            "story_id": 6,
            "creator_id": 8,
            "responsible_id": 29,
            "name": "Termék fejlesztési tervek kidolgozása",
            "description": "Készíts új jelentéseket az alkalmazás felhasználói tevékenységeiről.",
            "status": "completed",
            "creation_date": "2024-01-01",
            "deadline": "2024-12-31"
        },
        {
            "project_id": 8,
            "story_id": 18,
            "creator_id": 10,
            "responsible_id": 20,
            "name": "Dokumentáció frissítése",
            "description": "Javítsd a biztonsági réseket a legutóbbi audit alapján.",
            "status": "implementation",
            "creation_date": "2024-01-01",
            "deadline": "2024-12-31"
        },
        {
            "project_id": 3,
            "story_id": 2,
            "creator_id": 17,
            "responsible_id": 31,
            "name": "Funkcionalitás tesztelése",
            "description": "Refaktoráld az adatbázis sémát az új üzleti követelmények támogatására.",
            "status": "stopped",
            "creation_date": "2024-01-01",
            "deadline": "2024-12-31"
        },
        {
            "project_id": 5,
            "story_id": 13,
            "creator_id": 6,
            "responsible_id": 22,
            "name": "Felhasználói igények felmérése",
            "description": "Írj átfogó egységteszteket az új funkciókhoz.",
            "status": "new",
            "creation_date": "2024-01-01",
            "deadline": "2024-12-31"
        },
        {
            "project_id": 6,
            "story_id": 11,
            "creator_id": 27,
            "responsible_id": 10,
            "name": "Hibajegyek priorizálása",
            "description": "Optimalizáld az alkalmazás memóriahasználatát.",
            "status": "analysis",
            "creation_date": "2024-01-01",
            "deadline": "2024-12-31"
        },
        {
            "project_id": 4,
            "story_id": 10,
            "creator_id": 29,
            "responsible_id": 18,
            "name": "Funkcionalitás tesztelése",
            "description": "Refaktoráld a régi kódot a teljesítmény és olvashatóság javítása érdekében.",
            "status": "escalation",
            "creation_date": "2024-01-01",
            "deadline": "2024-12-31"
        },
        {
            "project_id": 2,
            "story_id": 14,
            "creator_id": 5,
            "responsible_id": 14,
            "name": "Kibővített felhasználói tesztek végrehajtása",
            "description": "Készíts új jelentéseket a felhasználói tevékenységekről.",
            "status": "new",
            "creation_date": "2024-01-01",
            "deadline": "2024-12-31"
        },
        {
            "project_id": 2,
            "story_id": 17,
            "creator_id": 22,
            "responsible_id": 18,
            "name": "Felhasználói történetek dokumentálása",
            "description": "Fejleszd az alkalmazás hibakezelési és naplózási rendszereit.",
            "status": "implementation",
            "creation_date": "2024-01-01",
            "deadline": "2024-12-31"
        },
        {
            "project_id": 3,
            "story_id": 6,
            "creator_id": 26,
            "responsible_id": 9,
            "name": "Kibővített jelentések készítése",
            "description": "Optimalizáld az adatbázis lekérdezéseket a teljesítmény javítása érdekében.",
            "status": "implementation",
            "creation_date": "2024-01-01",
            "deadline": "2024-12-31"
        },
        {
            "project_id": 1,
            "story_id": 2,
            "creator_id": 2,
            "responsible_id": 19,
            "name": "Új funkciók prototípusainak készítése",
            "description": "Refaktoráld a régi kódot a teljesítmény és olvashatóság javítása érdekében.",
            "status": "new",
            "creation_date": "2024-01-01",
            "deadline": "2024-12-31"
        },
        {
            "project_id": 9,
            "story_id": 10,
            "creator_id": 14,
            "responsible_id": 4,
            "name": "Felhasználói történetek dokumentálása",
            "description": "Írj automatizált end-to-end teszteket a kritikus munkafolyamatokhoz.",
            "status": "new",
            "creation_date": "2024-01-01",
            "deadline": "2024-12-31"
        },
        {
            "project_id": 3,
            "story_id": 5,
            "creator_id": 7,
            "responsible_id": 6,
            "name": "Termék fejlesztési tervek kidolgozása",
            "description": "Készíts új jelentéseket a felhasználói tevékenységekről.",
            "status": "implementation",
            "creation_date": "2024-01-01",
            "deadline": "2024-12-31"
        },
        {
            "project_id": 7,
            "story_id": 6,
            "creator_id": 26,
            "responsible_id": 13,
            "name": "Felhasználói történetek dokumentálása",
            "description": "Javítsd az alkalmazás teljesítményét a háttérszolgáltatások optimalizálásával.",
            "status": "new",
            "creation_date": "2024-01-01",
            "deadline": "2024-12-31"
        },
        {
            "project_id": 7,
            "story_id": 4,
            "creator_id": 34,
            "responsible_id": 34,
            "name": "Felhasználói felület tervezése",
            "description": "Valósítsd meg a felhasználói jogosultságok és szerepkörök kezelését.",
            "status": "implementation",
            "creation_date": "2024-01-01",
            "deadline": "2024-12-31"
        },
        {
            "project_id": 5,
            "story_id": 16,
            "creator_id": 31,
            "responsible_id": 31,
            "name": "Új funkciók prototípusainak készítése",
            "description": "Írj automatizált end-to-end teszteket a kritikus munkafolyamatokhoz.",
            "status": "stopped",
            "creation_date": "2024-01-01",
            "deadline": "2024-12-31"
        },
        {
            "project_id": 3,
            "story_id": 11,
            "creator_id": 22,
            "responsible_id": 7,
            "name": "Szerver teljesítményének javítása",
            "description": "Készíts egy felhasználói visszajelzés-gyűjtő rendszert az alkalmazáson belül.",
            "status": "implementation",
            "creation_date": "2024-01-01",
            "deadline": "2024-12-31"
        },
        {
            "project_id": 1,
            "story_id": 11,
            "creator_id": 11,
            "responsible_id": 31,
            "name": "Funkcionális tesztek készítése",
            "description": "Telepítsd az új verziót a produkciós szerverre.",
            "status": "completed",
            "creation_date": "2024-01-01",
            "deadline": "2024-12-31"
        },
        {
            "project_id": 6,
            "story_id": 6,
            "creator_id": 24,
            "responsible_id": 18,
            "name": "Bejelentkezési hibák javítása",
            "description": "Adj hozzá felhasználói profilkezelési funkciókat az alkalmazáshoz.",
            "status": "new",
            "creation_date": "2024-01-01",
            "deadline": "2024-12-31"
        },
        {
            "project_id": 3,
            "story_id": 5,
            "creator_id": 10,
            "responsible_id": 6,
            "name": "Automatizált tesztek beállítása",
            "description": "Készíts új felhasználói segédleteket az alkalmazás használatához.",
            "status": "analysis",
            "creation_date": "2024-01-01",
            "deadline": "2024-12-31"
        },
        {
            "project_id": 4,
            "story_id": 14,
            "creator_id": 23,
            "responsible_id": 20,
            "name": "Bejelentkezési hibák javítása",
            "description": "Frissítsd az alkalmazás felhasználói felületének dizájnját a legújabb trendek szerint.",
            "status": "new",
            "creation_date": "2024-01-01",
            "deadline": "2024-12-31"
        },
        {
            "project_id": 1,
            "story_id": 12,
            "creator_id": 23,
            "responsible_id": 16,
            "name": "Biztonsági frissítések alkalmazása",
            "description": "Javítsd az alkalmazás teljesítményét a háttérszolgáltatások optimalizálásával.",
            "status": "analysis",
            "creation_date": "2024-01-01",
            "deadline": "2024-12-31"
        },
        {
            "project_id": 1,
            "story_id": 17,
            "creator_id": 30,
            "responsible_id": 18,
            "name": "Felhasználói visszajelzések elemzése",
            "description": "Valósítsd meg a gyorsítótárazási stratégiát a szerver terhelésének csökkentésére.",
            "status": "implementation",
            "creation_date": "2024-01-01",
            "deadline": "2024-12-31"
        },
        {
            "project_id": 9,
            "story_id": 3,
            "creator_id": 25,
            "responsible_id": 31,
            "name": "Egységtesztek írása",
            "description": "Adj hozzá felhasználói profilkezelési funkciókat az alkalmazáshoz.",
            "status": "new",
            "creation_date": "2024-01-01",
            "deadline": "2024-12-31"
        },
        {
            "project_id": 1,
            "story_id": 4,
            "creator_id": 3,
            "responsible_id": 13,
            "name": "Termék fejlesztési tervek kidolgozása",
            "description": "Frissítsd az alkalmazás felhasználói felületének dizájnját a legújabb trendek szerint.",
            "status": "completed",
            "creation_date": "2024-01-01",
            "deadline": "2024-12-31"
        },
        {
            "project_id": 7,
            "story_id": 14,
            "creator_id": 34,
            "responsible_id": 20,
            "name": "Kibővített felhasználói tesztek végrehajtása",
            "description": "Valósítsd meg az adatimportálást CSV fájlokból az alkalmazásba.",
            "status": "escalation",
            "creation_date": "2024-01-01",
            "deadline": "2024-12-31"
        },
        {
            "project_id": 7,
            "story_id": 17,
            "creator_id": 3,
            "responsible_id": 35,
            "name": "Felhasználói felület tervezése",
            "description": "Javítsd az alkalmazás betöltési idejét az eszközök optimalizálásával.",
            "status": "stopped",
            "creation_date": "2024-01-01",
            "deadline": "2024-12-31"
        },
        {
            "project_id": 8,
            "story_id": 17,
            "creator_id": 3,
            "responsible_id": 2,
            "name": "Képességek és készségek fejlesztése",
            "description": "Frissítsd a projekt dokumentációját, hogy tükrözze a legutóbbi változásokat.",
            "status": "completed",
            "creation_date": "2024-01-01",
            "deadline": "2024-12-31"
        },
        {
            "project_id": 3,
            "story_id": 17,
            "creator_id": 31,
            "responsible_id": 4,
            "name": "Funkcionalitás tesztelése",
            "description": "Fejlessz ki egy új felhasználói bevezetési útmutatót az alkalmazáshoz.",
            "status": "implementation",
            "creation_date": "2024-01-01",
            "deadline": "2024-12-31"
        },
        {
            "project_id": 5,
            "story_id": 15,
            "creator_id": 4,
            "responsible_id": 22,
            "name": "Hibajegyek priorizálása",
            "description": "Telepítsd az új verziót a produkciós szerverre.",
            "status": "implementation",
            "creation_date": "2024-01-01",
            "deadline": "2024-12-31"
        },
        {
            "project_id": 2,
            "story_id": 16,
            "creator_id": 2,
            "responsible_id": 9,
            "name": "Változások bevezetésének ütemezése",
            "description": "Javítsd a biztonsági réseket a legutóbbi audit alapján.",
            "status": "stopped",
            "creation_date": "2024-01-01",
            "deadline": "2024-12-31"
        },
        {
            "project_id": 8,
            "story_id": 11,
            "creator_id": 6,
            "responsible_id": 5,
            "name": "Képességek és készségek fejlesztése",
            "description": "Tedd lehetővé az alkalmazás konfigurációs beállításainak egyszerű kezelését.",
            "status": "completed",
            "creation_date": "2024-01-01",
            "deadline": "2024-12-31"
        },
        {
            "project_id": 3,
            "story_id": 5,
            "creator_id": 23,
            "responsible_id": 28,
            "name": "Felhasználói felület tervezése",
            "description": "Fejleszd az alkalmazás adatvédelmi és biztonsági funkcióit.",
            "status": "escalation",
            "creation_date": "2024-01-01",
            "deadline": "2024-12-31"
        },
        {
            "project_id": 7,
            "story_id": 13,
            "creator_id": 4,
            "responsible_id": 34,
            "name": "Weboldal reszponzív tervezése",
            "description": "Fejleszd az alkalmazás hibakezelési és naplózási rendszereit.",
            "status": "analysis",
            "creation_date": "2024-01-01",
            "deadline": "2024-12-31"
        },
        {
            "project_id": 7,
            "story_id": 15,
            "creator_id": 8,
            "responsible_id": 11,
            "name": "API kulcsok és hitelesítési adatok kezelése",
            "description": "Implementáld az új jelentési eszközöket az alkalmazásban.",
            "status": "implementation",
            "creation_date": "2024-01-01",
            "deadline": "2024-12-31"
        },
        {
            "project_id": 6,
            "story_id": 17,
            "creator_id": 24,
            "responsible_id": 33,
            "name": "Rendszerarchitektúra tervezése",
            "description": "Javítsd az hibajegyzékeket, hogy részletesebb információkat tartalmazzanak.",
            "status": "analysis",
            "creation_date": "2024-01-01",
            "deadline": "2024-12-31"
        },
        {
            "project_id": 9,
            "story_id": 14,
            "creator_id": 33,
            "responsible_id": 1,
            "name": "Kód refaktorálása teljesítményjavítás céljából",
            "description": "Készíts új funkciókat a felhasználói értesítésekhez.",
            "status": "stopped",
            "creation_date": "2024-01-01",
            "deadline": "2024-12-31"
        },
        {
            "project_id": 6,
            "story_id": 11,
            "creator_id": 25,
            "responsible_id": 12,
            "name": "Kibővített funkcionalitás tervezése",
            "description": "Készíts biztonsági másolatot és helyreállítási tervet a produkciós adatbázishoz.",
            "status": "new",
            "creation_date": "2024-01-01",
            "deadline": "2024-12-31"
        },
        {
            "project_id": 6,
            "story_id": 11,
            "creator_id": 3,
            "responsible_id": 18,
            "name": "Kibővített funkcionalitás tervezése",
            "description": "Javítsd az alkalmazás betöltési idejét az eszközök optimalizálásával.",
            "status": "escalation",
            "creation_date": "2024-01-01",
            "deadline": "2024-12-31"
        },
        {
            "project_id": 7,
            "story_id": 18,
            "creator_id": 27,
            "responsible_id": 12,
            "name": "Felhasználói felület tervezése",
            "description": "Készíts új jelentéseket a felhasználói tevékenységekről.",
            "status": "implementation",
            "creation_date": "2024-01-01",
            "deadline": "2024-12-31"
        },
        {
            "project_id": 1,
            "story_id": 14,
            "creator_id": 8,
            "responsible_id": 16,
            "name": "Adatbiztonsági intézkedések ellenőrzése",
            "description": "Javítsd az alkalmazás betöltési idejét az eszközök optimalizálásával.",
            "status": "completed",
            "creation_date": "2024-01-01",
            "deadline": "2024-12-31"
        },
        {
            "project_id": 3,
            "story_id": 11,
            "creator_id": 15,
            "responsible_id": 19,
            "name": "UI hibák javítása",
            "description": "Frissítsd a projekt dokumentációját, hogy tükrözze a legutóbbi változásokat.",
            "status": "completed",
            "creation_date": "2024-01-01",
            "deadline": "2024-12-31"
        },
        {
            "project_id": 1,
            "story_id": 11,
            "creator_id": 17,
            "responsible_id": 9,
            "name": "Fejlesztési sprint tervezése",
            "description": "Végezz el kódellenőrzéseket a fejlesztői csapat által benyújtott pull requesteknél.",
            "status": "new",
            "creation_date": "2024-01-01",
            "deadline": "2024-12-31"
        },
        {
            "project_id": 9,
            "story_id": 11,
            "creator_id": 22,
            "responsible_id": 18,
            "name": "Változások bevezetésének ütemezése",
            "description": "Készíts reszponzív dizájnt az alkalmazás mobil verziójához.",
            "status": "completed",
            "creation_date": "2024-01-01",
            "deadline": "2024-12-31"
        },
        {
            "project_id": 1,
            "story_id": 9,
            "creator_id": 33,
            "responsible_id": 20,
            "name": "Automatizált tesztek beállítása",
            "description": "Javítsd ki a hibát, amely megszakadásokhoz vezet a bejelentkezési folyamat során.",
            "status": "new",
            "creation_date": "2024-01-01",
            "deadline": "2024-12-31"
        },
        {
            "project_id": 8,
            "story_id": 17,
            "creator_id": 18,
            "responsible_id": 6,
            "name": "Adatbiztonsági intézkedések ellenőrzése",
            "description": "Fejlessz ki egy új felhasználói bevezetési útmutatót az alkalmazáshoz.",
            "status": "analysis",
            "creation_date": "2024-01-01",
            "deadline": "2024-12-31"
        },
        {
            "project_id": 4,
            "story_id": 4,
            "creator_id": 25,
            "responsible_id": 21,
            "name": "Új funkciók implementálása",
            "description": "Valósítsd meg a felhasználói jogosultságok és szerepkörök kezelését.",
            "status": "escalation",
            "creation_date": "2024-01-01",
            "deadline": "2024-12-31"
        },
        {
            "project_id": 7,
            "story_id": 17,
            "creator_id": 23,
            "responsible_id": 12,
            "name": "UI hibák javítása",
            "description": "Készíts új integrációkat külső szolgáltatásokkal.",
            "status": "escalation",
            "creation_date": "2024-01-01",
            "deadline": "2024-12-31"
        },
        {
            "project_id": 3,
            "story_id": 9,
            "creator_id": 35,
            "responsible_id": 26,
            "name": "Adatimportálási folyamatok javítása",
            "description": "Javítsd az alkalmazás betöltési idejét az eszközök optimalizálásával.",
            "status": "implementation",
            "creation_date": "2024-01-01",
            "deadline": "2024-12-31"
        },
        {
            "project_id": 2,
            "story_id": 2,
            "creator_id": 16,
            "responsible_id": 2,
            "name": "Ügyfélszolgálati igények kezelése",
            "description": "Állítsd be a folyamatos integrációs és telepítési folyamatokat.",
            "status": "implementation",
            "creation_date": "2024-01-01",
            "deadline": "2024-12-31"
        },
        {
            "project_id": 6,
            "story_id": 3,
            "creator_id": 5,
            "responsible_id": 35,
            "name": "Rendszerintegrációs tesztelés",
            "description": "Valósítsd meg az új funkciót, amely lehetővé teszi a felhasználói adatok CSV-be történő exportálását.",
            "status": "implementation",
            "creation_date": "2024-01-01",
            "deadline": "2024-12-31"
        },
        {
            "project_id": 4,
            "story_id": 14,
            "creator_id": 31,
            "responsible_id": 25,
            "name": "Hibaelhárítási útmutató készítése",
            "description": "Fejlessz RESTful API végpontokat a felhasználói hitelesítéshez.",
            "status": "completed",
            "creation_date": "2024-01-01",
            "deadline": "2024-12-31"
        },
        {
            "project_id": 6,
            "story_id": 10,
            "creator_id": 6,
            "responsible_id": 34,
            "name": "Felhasználói felület tervezése",
            "description": "Javítsd az alkalmazás teljesítményét a háttérszolgáltatások optimalizálásával.",
            "status": "implementation",
            "creation_date": "2024-01-01",
            "deadline": "2024-12-31"
        },
        {
            "project_id": 5,
            "story_id": 13,
            "creator_id": 14,
            "responsible_id": 33,
            "name": "Új funkciók implementálása",
            "description": "Javítsd az alkalmazás keresési algoritmusát a pontosabb találatok érdekében.",
            "status": "new",
            "creation_date": "2024-01-01",
            "deadline": "2024-12-31"
        },
        {
            "project_id": 6,
            "story_id": 10,
            "creator_id": 4,
            "responsible_id": 30,
            "name": "Adatimportálási folyamatok javítása",
            "description": "Készíts egy felhasználói visszajelzés-gyűjtő rendszert az alkalmazáson belül.",
            "status": "implementation",
            "creation_date": "2024-01-01",
            "deadline": "2024-12-31"
        },
        {
            "project_id": 6,
            "story_id": 1,
            "creator_id": 8,
            "responsible_id": 26,
            "name": "Új funkciók implementálása",
            "description": "Frissítsd a projekt dokumentációját, hogy tükrözze a legutóbbi változásokat.",
            "status": "implementation",
            "creation_date": "2024-01-01",
            "deadline": "2024-12-31"
        },
        {
            "project_id": 1,
            "story_id": 5,
            "creator_id": 18,
            "responsible_id": 32,
            "name": "Kibővített felhasználói tesztek végrehajtása",
            "description": "Valósítsd meg az új funkciót, amely lehetővé teszi a felhasználói adatok CSV-be történő exportálását.",
            "status": "escalation",
            "creation_date": "2024-01-01",
            "deadline": "2024-12-31"
        },
        {
            "project_id": 8,
            "story_id": 3,
            "creator_id": 8,
            "responsible_id": 22,
            "name": "Kibővített funkcionalitás tervezése",
            "description": "Optimalizáld az alkalmazás memóriahasználatát.",
            "status": "new",
            "creation_date": "2024-01-01",
            "deadline": "2024-12-31"
        },
        {
            "project_id": 5,
            "story_id": 14,
            "creator_id": 17,
            "responsible_id": 19,
            "name": "Képzés és dokumentáció a csapat számára",
            "description": "Telepítsd az új verziót a produkciós szerverre.",
            "status": "new",
            "creation_date": "2024-01-01",
            "deadline": "2024-12-31"
        },
        {
            "project_id": 9,
            "story_id": 1,
            "creator_id": 16,
            "responsible_id": 20,
            "name": "Képzés és dokumentáció a csapat számára",
            "description": "Írj dokumentációt az alkalmazás API végpontjairól.",
            "status": "stopped",
            "creation_date": "2024-01-01",
            "deadline": "2024-12-31"
        },
        {
            "project_id": 6,
            "story_id": 6,
            "creator_id": 3,
            "responsible_id": 6,
            "name": "Hibajegyek kezelése és nyomon követése",
            "description": "Fejleszd az alkalmazás adatvédelmi és biztonsági funkcióit.",
            "status": "stopped",
            "creation_date": "2024-01-01",
            "deadline": "2024-12-31"
        },
        {
            "project_id": 1,
            "story_id": 7,
            "creator_id": 33,
            "responsible_id": 23,
            "name": "Automatizált tesztek beállítása",
            "description": "Frissítsd az alkalmazás adatvédelmi irányelveit, hogy megfeleljen az új szabályozásoknak.",
            "status": "analysis",
            "creation_date": "2024-01-01",
            "deadline": "2024-12-31"
        },
        {
            "project_id": 6,
            "story_id": 12,
            "creator_id": 7,
            "responsible_id": 7,
            "name": "Kibővített funkcionalitás tervezése",
            "description": "Fejleszd az alkalmazás hibakezelési és naplózási rendszereit.",
            "status": "new",
            "creation_date": "2024-01-01",
            "deadline": "2024-12-31"
        },
        {
            "project_id": 9,
            "story_id": 6,
            "creator_id": 25,
            "responsible_id": 8,
            "name": "API végpontok fejlesztése",
            "description": "Írj automatizált end-to-end teszteket a kritikus munkafolyamatokhoz.",
            "status": "analysis",
            "creation_date": "2024-01-01",
            "deadline": "2024-12-31"
        },
        {
            "project_id": 8,
            "story_id": 15,
            "creator_id": 2,
            "responsible_id": 7,
            "name": "API kulcsok és hitelesítési adatok kezelése",
            "description": "Tedd lehetővé az alkalmazás automatikus frissítéseit.",
            "status": "new",
            "creation_date": "2024-01-01",
            "deadline": "2024-12-31"
        },
        {
            "project_id": 3,
            "story_id": 10,
            "creator_id": 32,
            "responsible_id": 9,
            "name": "Adatbázis sémák módosítása",
            "description": "Javítsd az alkalmazás felhasználói élményét a dizájn és a funkcionalitás kombinálásával.",
            "status": "escalation",
            "creation_date": "2024-01-01",
            "deadline": "2024-12-31"
        },
        {
            "project_id": 5,
            "story_id": 17,
            "creator_id": 5,
            "responsible_id": 10,
            "name": "Funkciók és teljesítmény optimalizálása",
            "description": "Fejlessz RESTful API végpontokat a felhasználói hitelesítéshez.",
            "status": "new",
            "creation_date": "2024-01-01",
            "deadline": "2024-12-31"
        },
        {
            "project_id": 1,
            "story_id": 7,
            "creator_id": 30,
            "responsible_id": 12,
            "name": "API dokumentáció frissítése",
            "description": "Javítsd az hibajegyzékeket, hogy részletesebb információkat tartalmazzanak.",
            "status": "new",
            "creation_date": "2024-01-01",
            "deadline": "2024-12-31"
        },
        {
            "project_id": 4,
            "story_id": 15,
            "creator_id": 23,
            "responsible_id": 3,
            "name": "Hibajegyek kezelése és nyomon követése",
            "description": "Implementáld az új jelentési eszközöket az alkalmazásban.",
            "status": "stopped",
            "creation_date": "2024-01-01",
            "deadline": "2024-12-31"
        },
        {
            "project_id": 4,
            "story_id": 6,
            "creator_id": 15,
            "responsible_id": 31,
            "name": "Felhasználói felület tervezése",
            "description": "Javítsd az alkalmazás hozzáférhetőségét a fogyatékkal élő felhasználók számára.",
            "status": "escalation",
            "creation_date": "2024-01-01",
            "deadline": "2024-12-31"
        },
        {
            "project_id": 4,
            "story_id": 2,
            "creator_id": 35,
            "responsible_id": 21,
            "name": "Hibajegyek kezelése és nyomon követése",
            "description": "Valósítsd meg az új funkciót, amely lehetővé teszi a felhasználói adatok CSV-be történő exportálását.",
            "status": "implementation",
            "creation_date": "2024-01-01",
            "deadline": "2024-12-31"
        },
        {
            "project_id": 9,
            "story_id": 13,
            "creator_id": 7,
            "responsible_id": 26,
            "name": "Kód refaktorálása teljesítményjavítás céljából",
            "description": "Javítsd az alkalmazás teljesítményét a háttérszolgáltatások optimalizálásával.",
            "status": "analysis",
            "creation_date": "2024-01-01",
            "deadline": "2024-12-31"
        },
        {
            "project_id": 7,
            "story_id": 14,
            "creator_id": 6,
            "responsible_id": 7,
            "name": "Kód minőségének ellenőrzése",
            "description": "Fejlessz ki új funkciókat az alkalmazás adminisztrátori felületéhez.",
            "status": "new",
            "creation_date": "2024-01-01",
            "deadline": "2024-12-31"
        },
        {
            "project_id": 5,
            "story_id": 4,
            "creator_id": 32,
            "responsible_id": 13,
            "name": "Biztonsági frissítések alkalmazása",
            "description": "Fejleszd az alkalmazás felhasználói beállításait és preferenciáit.",
            "status": "implementation",
            "creation_date": "2024-01-01",
            "deadline": "2024-12-31"
        },
        {
            "project_id": 4,
            "story_id": 1,
            "creator_id": 24,
            "responsible_id": 22,
            "name": "Weboldal reszponzív tervezése",
            "description": "Javítsd az alkalmazás teljesítményét a háttérszolgáltatások optimalizálásával.",
            "status": "implementation",
            "creation_date": "2024-01-01",
            "deadline": "2024-12-31"
        },
        {
            "project_id": 2,
            "story_id": 3,
            "creator_id": 14,
            "responsible_id": 27,
            "name": "Kód megfelelőségi ellenőrzése",
            "description": "Tedd lehetővé az alkalmazás automatikus frissítéseit.",
            "status": "analysis",
            "creation_date": "2024-01-01",
            "deadline": "2024-12-31"
        },
        {
            "project_id": 5,
            "story_id": 9,
            "creator_id": 31,
            "responsible_id": 12,
            "name": "Adatbázis sémák módosítása",
            "description": "Írj dokumentációt az alkalmazás API végpontjairól.",
            "status": "analysis",
            "creation_date": "2024-01-01",
            "deadline": "2024-12-31"
        },
        {
            "project_id": 2,
            "story_id": 18,
            "creator_id": 1,
            "responsible_id": 29,
            "name": "Hibaelhárítási útmutató készítése",
            "description": "Frissítsd az alkalmazás felhasználói felületének dizájnját a legújabb trendek szerint.",
            "status": "completed",
            "creation_date": "2024-01-01",
            "deadline": "2024-12-31"
        },
        {
            "project_id": 9,
            "story_id": 13,
            "creator_id": 3,
            "responsible_id": 18,
            "name": "Szoftver verziókezelés kezelése",
            "description": "Frissítsd a projekt dokumentációját, hogy tükrözze a legutóbbi változásokat.",
            "status": "escalation",
            "creation_date": "2024-01-01",
            "deadline": "2024-12-31"
        },
        {
            "project_id": 5,
            "story_id": 9,
            "creator_id": 9,
            "responsible_id": 7,
            "name": "Adatbiztonsági intézkedések ellenőrzése",
            "description": "Implementáld az új jelentési eszközöket az alkalmazásban.",
            "status": "stopped",
            "creation_date": "2024-01-01",
            "deadline": "2024-12-31"
        },
        {
            "project_id": 1,
            "story_id": 14,
            "creator_id": 12,
            "responsible_id": 33,
            "name": "Adatimportálási folyamatok javítása",
            "description": "Optimalizáld az alkalmazás memóriahasználatát.",
            "status": "escalation",
            "creation_date": "2024-01-01",
            "deadline": "2024-12-31"
        },
        {
            "project_id": 8,
            "story_id": 18,
            "creator_id": 30,
            "responsible_id": 33,
            "name": "Képzés és dokumentáció a csapat számára",
            "description": "Javítsd az alkalmazás keresési algoritmusát a pontosabb találatok érdekében.",
            "status": "new",
            "creation_date": "2024-01-01",
            "deadline": "2024-12-31"
        },
        {
            "project_id": 2,
            "story_id": 14,
            "creator_id": 20,
            "responsible_id": 14,
            "name": "API végpontok fejlesztése",
            "description": "Adj hozzá felhasználói profilkezelési funkciókat az alkalmazáshoz.",
            "status": "new",
            "creation_date": "2024-01-01",
            "deadline": "2024-12-31"
        },
        {
            "project_id": 1,
            "story_id": 14,
            "creator_id": 10,
            "responsible_id": 25,
            "name": "Adatbázis sémák módosítása",
            "description": "Írj migrációs szkripteket a legújabb adatbázis sémaváltozásokhoz.",
            "status": "implementation",
            "creation_date": "2024-01-01",
            "deadline": "2024-12-31"
        },
        {
            "project_id": 4,
            "story_id": 8,
            "creator_id": 15,
            "responsible_id": 9,
            "name": "Változások bevezetésének ütemezése",
            "description": "Fejlessz ki egy új felhasználói bevezetési útmutatót az alkalmazáshoz.",
            "status": "analysis",
            "creation_date": "2024-01-01",
            "deadline": "2024-12-31"
        }
    ]
}