{
    "tasks": [
        {
            "project_id": 6,
            "story_id": 11,
            "creator_id": 22,
            "responsible_id": 9,
            "name": "UI hibák javítása",
            "description": "Tedd lehetővé az alkalmazás automatikus frissítéseit.",
            "status": "new",
            "creation_date": "2024-03-23",
            "deadline": "2024-04-23"
        },
        {
            "project_id": 4,
            "story_id": 8,
            "creator_id": 23,
            "responsible_id": 4,
            "name": "Hibaelhárítási útmutató készítése",
            "description": "Javítsd a keresési funkciót, hogy tartalmazzon fejlett szűrőket.",
            "status": "analysis",
            "creation_date": "2024-06-19",
            "deadline": "2024-06-28"
        },
        {
            "project_id": 4,
            "story_id": 8,
            "creator_id": 17,
            "responsible_id": 3,
            "name": "Automatizált tesztek beállítása",
            "description": "Készíts új integrációkat külső szolgáltatásokkal.",
            "status": "implementation",
            "creation_date": "2024-06-25",
            "deadline": "2024-08-23"
        },
        {
            "project_id": 3,
            "story_id": 6,
            "creator_id": 1,
            "responsible_id": 27,
            "name": "Termék fejlesztési tervek kidolgozása",
            "description": "Írj automatizált end-to-end teszteket a kritikus munkafolyamatokhoz.",
            "status": "analysis",
            "creation_date": "2024-10-07",
            "deadline": "2024-12-05"
        },
        {
            "project_id": 1,
            "story_id": 2,
            "creator_id": 30,
            "responsible_id": 19,
            "name": "Kibővített jelentések készítése",
            "description": "Végezz el kódellenőrzéseket a fejlesztői csapat által benyújtott pull requesteknél.",
            "status": "completed",
            "creation_date": "2024-02-25",
            "deadline": "2024-04-24"
        },
        {
            "project_id": 9,
            "story_id": 17,
            "creator_id": 34,
            "responsible_id": 2,
            "name": "Jelentéskészítő eszközök beállítása",
            "description": "Javítsd ki a hibát, amely megszakadásokhoz vezet a bejelentkezési folyamat során.",
            "status": "analysis",
            "creation_date": "2024-04-23",
            "deadline": "2024-06-17"
        },
        {
            "project_id": 9,
            "story_id": 17,
            "creator_id": 7,
            "responsible_id": 33,
            "name": "Frissítési és karbantartási ütemterv készítése",
            "description": "Frissítsd a felhasználói felület komponenseit, hogy megfeleljenek az új dizájn irányelveinek.",
            "status": "new",
            "creation_date": "2024-05-05",
            "deadline": "2024-06-06"
        },
        {
            "project_id": 6,
            "story_id": 12,
            "creator_id": 12,
            "responsible_id": 26,
            "name": "Fejlesztési sprint tervezése",
            "description": "Javítsd az hibajegyzékeket, hogy részletesebb információkat tartalmazzanak.",
            "status": "implementation",
            "creation_date": "2024-05-28",
            "deadline": "2024-07-15"
        },
        {
            "project_id": 9,
            "story_id": 18,
            "creator_id": 29,
            "responsible_id": 19,
            "name": "Kód refaktorálása teljesítményjavítás céljából",
            "description": "Fejlessz RESTful API végpontokat a felhasználói hitelesítéshez.",
            "status": "implementation",
            "creation_date": "2024-06-21",
            "deadline": "2024-07-10"
        },
        {
            "project_id": 9,
            "story_id": 18,
            "creator_id": 28,
            "responsible_id": 2,
            "name": "UI hibák javítása",
            "description": "Készíts új jelentéseket az alkalmazás felhasználói tevékenységeiről.",
            "status": "implementation",
            "creation_date": "2024-07-17",
            "deadline": "2024-09-01"
        },
        {
            "project_id": 4,
            "story_id": 7,
            "creator_id": 22,
            "responsible_id": 16,
            "name": "Hibajegyek kezelése és nyomon követése",
            "description": "Javítsd az alkalmazás felhasználói élményét a dizájn és a funkcionalitás kombinálásával.",
            "status": "new",
            "creation_date": "2024-06-14",
            "deadline": "2024-06-22"
        },
        {
            "project_id": 6,
            "story_id": 12,
            "creator_id": 13,
            "responsible_id": 8,
            "name": "Felhasználói visszajelzések elemzése",
            "description": "Állítsd be a folyamatos integrációs és telepítési folyamatokat.",
            "status": "analysis",
            "creation_date": "2024-06-04",
            "deadline": "2024-07-30"
        },
        {
            "project_id": 1,
            "story_id": 1,
            "creator_id": 29,
            "responsible_id": 2,
            "name": "Kód minőségének ellenőrzése",
            "description": "Fejleszd az alkalmazás felhasználói beállításait és preferenciáit.",
            "status": "stopped",
            "creation_date": "2024-02-14",
            "deadline": "2024-04-12"
        },
        {
            "project_id": 4,
            "story_id": 7,
            "creator_id": 19,
            "responsible_id": 35,
            "name": "Alkalmazás telepítése",
            "description": "Fejleszd az alkalmazás hibakezelési és naplózási rendszereit.",
            "status": "new",
            "creation_date": "2024-06-12",
            "deadline": "2024-07-27"
        },
        {
            "project_id": 4,
            "story_id": 8,
            "creator_id": 8,
            "responsible_id": 13,
            "name": "Ügyfélszolgálati igények kezelése",
            "description": "Fejleszd az alkalmazás hibakezelési és naplózási rendszereit.",
            "status": "implementation",
            "creation_date": "2024-07-11",
            "deadline": "2024-08-13"
        },
        {
            "project_id": 4,
            "story_id": 7,
            "creator_id": 19,
            "responsible_id": 20,
            "name": "Weboldal reszponzív tervezése",
            "description": "Írj automatizált end-to-end teszteket a kritikus munkafolyamatokhoz.",
            "status": "analysis",
            "creation_date": "2024-06-12",
            "deadline": "2024-07-25"
        },
        {
            "project_id": 5,
            "story_id": 9,
            "creator_id": 35,
            "responsible_id": 26,
            "name": "Kód minőségének ellenőrzése",
            "description": "Valósítsd meg a gyorsítótárazási stratégiát a szerver terhelésének csökkentésére.",
            "status": "new",
            "creation_date": "2024-01-17",
            "deadline": "2024-01-30"
        },
        {
            "project_id": 3,
            "story_id": 5,
            "creator_id": 1,
            "responsible_id": 2,
            "name": "Fejlesztői környezet konfigurálása",
            "description": "Javítsd az alkalmazás adatkezelési képességeit.",
            "status": "implementation",
            "creation_date": "2024-08-04",
            "deadline": "2024-09-04"
        },
        {
            "project_id": 2,
            "story_id": 3,
            "creator_id": 14,
            "responsible_id": 14,
            "name": "Termék fejlesztési tervek kidolgozása",
            "description": "Állítsd be a folyamatos integrációs és telepítési folyamatokat.",
            "status": "implementation",
            "creation_date": "2024-03-02",
            "deadline": "2024-03-03"
        },
        {
            "project_id": 3,
            "story_id": 6,
            "creator_id": 3,
            "responsible_id": 10,
            "name": "Funkciók és teljesítmény optimalizálása",
            "description": "Javítsd az alkalmazás teljesítményét a háttérszolgáltatások optimalizálásával.",
            "status": "new",
            "creation_date": "2024-09-11",
            "deadline": "2024-10-14"
        },
        {
            "project_id": 1,
            "story_id": 1,
            "creator_id": 10,
            "responsible_id": 24,
            "name": "Dokumentáció frissítése",
            "description": "Refaktoráld a régi kódot a teljesítmény és olvashatóság javítása érdekében.",
            "status": "completed",
            "creation_date": "2024-02-11",
            "deadline": "2024-04-02"
        },
        {
            "project_id": 4,
            "story_id": 7,
            "creator_id": 5,
            "responsible_id": 31,
            "name": "Kód megfelelőségi ellenőrzése",
            "description": "Valósítsd meg az adatimportálást CSV fájlokból az alkalmazásba.",
            "status": "new",
            "creation_date": "2024-06-27",
            "deadline": "2024-08-23"
        },
        {
            "project_id": 7,
            "story_id": 13,
            "creator_id": 31,
            "responsible_id": 10,
            "name": "Funkciók és teljesítmény optimalizálása",
            "description": "Javítsd az alkalmazás felhasználói élményét a dizájn és a funkcionalitás kombinálásával.",
            "status": "new",
            "creation_date": "2024-01-15",
            "deadline": "2024-01-30"
        },
        {
            "project_id": 1,
            "story_id": 2,
            "creator_id": 25,
            "responsible_id": 16,
            "name": "Szoftver verziókezelés kezelése",
            "description": "Javítsd a biztonsági réseket a legutóbbi audit alapján.",
            "status": "completed",
            "creation_date": "2024-03-07",
            "deadline": "2024-03-26"
        },
        {
            "project_id": 5,
            "story_id": 9,
            "creator_id": 22,
            "responsible_id": 20,
            "name": "Funkcionális tesztek készítése",
            "description": "Telepítsd az új verziót a produkciós szerverre.",
            "status": "new",
            "creation_date": "2024-01-29",
            "deadline": "2024-03-06"
        },
        {
            "project_id": 3,
            "story_id": 6,
            "creator_id": 22,
            "responsible_id": 2,
            "name": "Új funkciók implementálása",
            "description": "Állítsd be a folyamatos integrációs és telepítési folyamatokat.",
            "status": "new",
            "creation_date": "2024-09-11",
            "deadline": "2024-10-04"
        },
        {
            "project_id": 3,
            "story_id": 5,
            "creator_id": 4,
            "responsible_id": 11,
            "name": "Jelentéskészítő eszközök beállítása",
            "description": "Állítsd be a folyamatos integrációs és telepítési folyamatokat.",
            "status": "implementation",
            "creation_date": "2024-08-22",
            "deadline": "2024-09-28"
        },
        {
            "project_id": 5,
            "story_id": 10,
            "creator_id": 32,
            "responsible_id": 17,
            "name": "Ügyfélszolgálati igények kezelése",
            "description": "Készíts új funkciókat a felhasználói értesítésekhez.",
            "status": "implementation",
            "creation_date": "2024-03-10",
            "deadline": "2024-03-21"
        },
        {
            "project_id": 1,
            "story_id": 1,
            "creator_id": 17,
            "responsible_id": 12,
            "name": "Bejelentkezési hibák javítása",
            "description": "Javítsd a biztonsági réseket a legutóbbi audit alapján.",
            "status": "stopped",
            "creation_date": "2024-02-01",
            "deadline": "2024-02-29"
        },
        {
            "project_id": 3,
            "story_id": 5,
            "creator_id": 7,
            "responsible_id": 35,
            "name": "Jelentéskészítő eszközök beállítása",
            "description": "Frissítsd a felhasználói felület komponenseit, hogy megfeleljenek az új dizájn irányelveinek.",
            "status": "implementation",
            "creation_date": "2024-08-04",
            "deadline": "2024-09-30"
        },
        {
            "project_id": 3,
            "story_id": 5,
            "creator_id": 22,
            "responsible_id": 23,
            "name": "Hibajegyek priorizálása",
            "description": "Implementáld az új jelentési eszközöket az alkalmazásban.",
            "status": "implementation",
            "creation_date": "2024-08-25",
            "deadline": "2024-09-05"
        },
        {
            "project_id": 9,
            "story_id": 18,
            "creator_id": 7,
            "responsible_id": 30,
            "name": "Szoftver verziókezelés kezelése",
            "description": "Refaktoráld a régi kódot a teljesítmény és olvashatóság javítása érdekében.",
            "status": "analysis",
            "creation_date": "2024-06-23",
            "deadline": "2024-08-10"
        },
        {
            "project_id": 5,
            "story_id": 10,
            "creator_id": 6,
            "responsible_id": 6,
            "name": "Kibővített felhasználói tesztek végrehajtása",
            "description": "Fejleszd az alkalmazás offline működési képességeit.",
            "status": "analysis",
            "creation_date": "2024-03-26",
            "deadline": "2024-04-13"
        },
        {
            "project_id": 8,
            "story_id": 15,
            "creator_id": 30,
            "responsible_id": 15,
            "name": "API dokumentáció frissítése",
            "description": "Írj átfogó egységteszteket az új funkciókhoz.",
            "status": "implementation",
            "creation_date": "2023-11-28",
            "deadline": "2023-12-10"
        },
        {
            "project_id": 3,
            "story_id": 5,
            "creator_id": 19,
            "responsible_id": 6,
            "name": "Hibajegyek priorizálása",
            "description": "Telepítsd az új verziót a produkciós szerverre.",
            "status": "analysis",
            "creation_date": "2024-08-27",
            "deadline": "2024-09-19"
        },
        {
            "project_id": 7,
            "story_id": 14,
            "creator_id": 28,
            "responsible_id": 29,
            "name": "Frissítési és karbantartási ütemterv készítése",
            "description": "Tedd lehetővé az alkalmazás konfigurációs beállításainak egyszerű kezelését.",
            "status": "analysis",
            "creation_date": "2024-03-20",
            "deadline": "2024-04-19"
        },
        {
            "project_id": 1,
            "story_id": 1,
            "creator_id": 27,
            "responsible_id": 15,
            "name": "Felhasználói felület tervezése",
            "description": "Készíts új funkciókat a felhasználói értesítésekhez.",
            "status": "completed",
            "creation_date": "2024-02-13",
            "deadline": "2024-03-05"
        },
        {
            "project_id": 4,
            "story_id": 7,
            "creator_id": 26,
            "responsible_id": 1,
            "name": "Adatbázis sémák módosítása",
            "description": "Javítsd az alkalmazás betöltési idejét az eszközök optimalizálásával.",
            "status": "analysis",
            "creation_date": "2024-06-14",
            "deadline": "2024-07-01"
        },
        {
            "project_id": 9,
            "story_id": 18,
            "creator_id": 15,
            "responsible_id": 23,
            "name": "Szoftver verziókezelés kezelése",
            "description": "Frissítsd a projekt dokumentációját, hogy tükrözze a legutóbbi változásokat.",
            "status": "implementation",
            "creation_date": "2024-07-05",
            "deadline": "2024-08-07"
        },
        {
            "project_id": 1,
            "story_id": 2,
            "creator_id": 18,
            "responsible_id": 35,
            "name": "Felhasználói történetek dokumentálása",
            "description": "Valósítsd meg a gyorsítótárazási stratégiát a szerver terhelésének csökkentésére.",
            "status": "completed",
            "creation_date": "2024-03-01",
            "deadline": "2024-03-14"
        },
        {
            "project_id": 7,
            "story_id": 14,
            "creator_id": 23,
            "responsible_id": 23,
            "name": "Szerver teljesítményének javítása",
            "description": "Javítsd a biztonsági réseket a legutóbbi audit alapján.",
            "status": "new",
            "creation_date": "2024-04-04",
            "deadline": "2024-04-23"
        },
        {
            "project_id": 5,
            "story_id": 9,
            "creator_id": 14,
            "responsible_id": 2,
            "name": "Adatbiztonsági intézkedések ellenőrzése",
            "description": "Valósítsd meg a felhasználói jogosultságok és szerepkörök kezelését.",
            "status": "new",
            "creation_date": "2024-02-05",
            "deadline": "2024-03-12"
        },
        {
            "project_id": 1,
            "story_id": 2,
            "creator_id": 33,
            "responsible_id": 9,
            "name": "Adatbiztonsági intézkedések ellenőrzése",
            "description": "Javítsd az alkalmazás teljesítményét a háttérszolgáltatások optimalizálásával.",
            "status": "stopped",
            "creation_date": "2024-02-14",
            "deadline": "2024-03-27"
        },
        {
            "project_id": 8,
            "story_id": 16,
            "creator_id": 5,
            "responsible_id": 26,
            "name": "Adatbiztonsági intézkedések ellenőrzése",
            "description": "Frissítsd a felhasználói felület komponenseit, hogy megfeleljenek az új dizájn irányelveinek.",
            "status": "new",
            "creation_date": "2023-12-30",
            "deadline": "2024-02-03"
        },
        {
            "project_id": 5,
            "story_id": 9,
            "creator_id": 34,
            "responsible_id": 14,
            "name": "Dokumentáció frissítése",
            "description": "Készíts új jelentéseket a felhasználói tevékenységekről.",
            "status": "analysis",
            "creation_date": "2024-01-19",
            "deadline": "2024-01-25"
        },
        {
            "project_id": 6,
            "story_id": 12,
            "creator_id": 31,
            "responsible_id": 6,
            "name": "Weboldal reszponzív tervezése",
            "description": "Javítsd az alkalmazás felhasználói élményét a dizájn és a funkcionalitás kombinálásával.",
            "status": "analysis",
            "creation_date": "2024-06-09",
            "deadline": "2024-06-15"
        },
        {
            "project_id": 8,
            "story_id": 15,
            "creator_id": 1,
            "responsible_id": 5,
            "name": "Kliens oldali teljesítmény javítása",
            "description": "Optimalizáld az adatbázis lekérdezéseket a teljesítmény javítása érdekében.",
            "status": "analysis",
            "creation_date": "2023-11-19",
            "deadline": "2024-01-16"
        },
        {
            "project_id": 5,
            "story_id": 9,
            "creator_id": 24,
            "responsible_id": 30,
            "name": "Bejelentkezési hibák javítása",
            "description": "Fejlessz RESTful API végpontokat a felhasználói hitelesítéshez.",
            "status": "analysis",
            "creation_date": "2024-01-19",
            "deadline": "2024-01-26"
        },
        {
            "project_id": 2,
            "story_id": 4,
            "creator_id": 10,
            "responsible_id": 9,
            "name": "Biztonsági frissítések alkalmazása",
            "description": "Refaktoráld a régi kódot a teljesítmény és olvashatóság javítása érdekében.",
            "status": "implementation",
            "creation_date": "2024-03-01",
            "deadline": "2024-03-15"
        },
        {
            "project_id": 7,
            "story_id": 13,
            "creator_id": 22,
            "responsible_id": 21,
            "name": "Funkcionalitás tesztelése",
            "description": "Valósítsd meg az alkalmazás személyre szabását felhasználói igények alapján.",
            "status": "analysis",
            "creation_date": "2024-01-24",
            "deadline": "2024-03-06"
        },
        {
            "project_id": 2,
            "story_id": 4,
            "creator_id": 25,
            "responsible_id": 6,
            "name": "Hibajegyek priorizálása",
            "description": "Javítsd az hibajegyzékeket, hogy részletesebb információkat tartalmazzanak.",
            "status": "analysis",
            "creation_date": "2024-02-22",
            "deadline": "2024-02-23"
        },
        {
            "project_id": 9,
            "story_id": 18,
            "creator_id": 1,
            "responsible_id": 34,
            "name": "Új fejlesztési trendek követése",
            "description": "Tervezd meg és valósítsd meg a fő irányítópult felhasználói felületét.",
            "status": "analysis",
            "creation_date": "2024-07-19",
            "deadline": "2024-07-20"
        },
        {
            "project_id": 4,
            "story_id": 8,
            "creator_id": 22,
            "responsible_id": 22,
            "name": "Új fejlesztési trendek követése",
            "description": "Javítsd az alkalmazás adatkezelési képességeit.",
            "status": "implementation",
            "creation_date": "2024-07-11",
            "deadline": "2024-07-28"
        },
        {
            "project_id": 5,
            "story_id": 10,
            "creator_id": 25,
            "responsible_id": 14,
            "name": "Biztonsági frissítések alkalmazása",
            "description": "Fejlessz RESTful API végpontokat a felhasználói hitelesítéshez.",
            "status": "implementation",
            "creation_date": "2024-03-30",
            "deadline": "2024-05-11"
        },
        {
            "project_id": 3,
            "story_id": 6,
            "creator_id": 29,
            "responsible_id": 17,
            "name": "Szoftver verziókezelés kezelése",
            "description": "Optimalizáld az alkalmazás memóriahasználatát.",
            "status": "new",
            "creation_date": "2024-10-06",
            "deadline": "2024-10-17"
        },
        {
            "project_id": 1,
            "story_id": 1,
            "creator_id": 30,
            "responsible_id": 2,
            "name": "Dokumentáció frissítése",
            "description": "Javítsd az alkalmazás hozzáférhetőségét a fogyatékkal élő felhasználók számára.",
            "status": "stopped",
            "creation_date": "2024-02-06",
            "deadline": "2024-04-04"
        },
        {
            "project_id": 4,
            "story_id": 8,
            "creator_id": 25,
            "responsible_id": 22,
            "name": "Jelentéskészítő eszközök beállítása",
            "description": "Javítsd az hibajegyzékeket, hogy részletesebb információkat tartalmazzanak.",
            "status": "analysis",
            "creation_date": "2024-07-06",
            "deadline": "2024-08-06"
        },
        {
            "project_id": 4,
            "story_id": 8,
            "creator_id": 11,
            "responsible_id": 2,
            "name": "Weboldal reszponzív tervezése",
            "description": "Készíts biztonsági másolatot és helyreállítási tervet a produkciós adatbázishoz.",
            "status": "analysis",
            "creation_date": "2024-07-01",
            "deadline": "2024-07-08"
        },
        {
            "project_id": 8,
            "story_id": 15,
            "creator_id": 7,
            "responsible_id": 1,
            "name": "Biztonsági frissítések alkalmazása",
            "description": "Javítsd az alkalmazás teljesítményét a háttérszolgáltatások optimalizálásával.",
            "status": "analysis",
            "creation_date": "2023-12-15",
            "deadline": "2024-02-13"
        },
        {
            "project_id": 8,
            "story_id": 16,
            "creator_id": 23,
            "responsible_id": 34,
            "name": "Kódellenőrzések végrehajtása",
            "description": "Javítsd a keresési funkciót, hogy tartalmazzon fejlett szűrőket.",
            "status": "new",
            "creation_date": "2023-12-17",
            "deadline": "2024-02-09"
        },
        {
            "project_id": 9,
            "story_id": 18,
            "creator_id": 1,
            "responsible_id": 9,
            "name": "Új funkciók implementálása",
            "description": "Tervezd meg és valósítsd meg a fő irányítópult felhasználói felületét.",
            "status": "implementation",
            "creation_date": "2024-07-16",
            "deadline": "2024-08-18"
        },
        {
            "project_id": 9,
            "story_id": 18,
            "creator_id": 7,
            "responsible_id": 4,
            "name": "Kibővített jelentések készítése",
            "description": "Készíts egy felhasználói visszajelzés-gyűjtő rendszert az alkalmazáson belül.",
            "status": "new",
            "creation_date": "2024-07-03",
            "deadline": "2024-07-04"
        },
        {
            "project_id": 5,
            "story_id": 9,
            "creator_id": 11,
            "responsible_id": 15,
            "name": "Dokumentáció frissítése",
            "description": "Javítsd az hibajegyzékeket, hogy részletesebb információkat tartalmazzanak.",
            "status": "implementation",
            "creation_date": "2024-01-18",
            "deadline": "2024-03-05"
        },
        {
            "project_id": 6,
            "story_id": 11,
            "creator_id": 14,
            "responsible_id": 25,
            "name": "Belső auditok végrehajtása",
            "description": "Frissítsd az alkalmazás felhasználói felületének dizájnját a legújabb trendek szerint.",
            "status": "new",
            "creation_date": "2024-03-15",
            "deadline": "2024-04-06"
        },
        {
            "project_id": 4,
            "story_id": 7,
            "creator_id": 19,
            "responsible_id": 17,
            "name": "Kibővített funkcionalitás tervezése",
            "description": "Írj automatizált end-to-end teszteket a kritikus munkafolyamatokhoz.",
            "status": "implementation",
            "creation_date": "2024-06-09",
            "deadline": "2024-08-08"
        },
        {
            "project_id": 9,
            "story_id": 18,
            "creator_id": 1,
            "responsible_id": 2,
            "name": "Egységtesztek írása",
            "description": "Optimalizáld az adatbázis lekérdezéseket a teljesítmény javítása érdekében.",
            "status": "implementation",
            "creation_date": "2024-07-06",
            "deadline": "2024-07-11"
        },
        {
            "project_id": 4,
            "story_id": 8,
            "creator_id": 17,
            "responsible_id": 33,
            "name": "Alkalmazás telepítése",
            "description": "Javítsd ki a hibát, amely megszakadásokhoz vezet a bejelentkezési folyamat során.",
            "status": "analysis",
            "creation_date": "2024-06-25",
            "deadline": "2024-08-07"
        },
        {
            "project_id": 5,
            "story_id": 10,
            "creator_id": 16,
            "responsible_id": 24,
            "name": "Kód minőségének ellenőrzése",
            "description": "Javítsd az alkalmazás adatkezelési képességeit.",
            "status": "implementation",
            "creation_date": "2024-03-13",
            "deadline": "2024-04-27"
        },
        {
            "project_id": 1,
            "story_id": 2,
            "creator_id": 25,
            "responsible_id": 25,
            "name": "Ügyfélszolgálati igények kezelése",
            "description": "Javítsd a biztonsági réseket a legutóbbi audit alapján.",
            "status": "stopped",
            "creation_date": "2024-02-15",
            "deadline": "2024-03-05"
        },
        {
            "project_id": 7,
            "story_id": 14,
            "creator_id": 25,
            "responsible_id": 9,
            "name": "Weboldal reszponzív tervezése",
            "description": "Refaktoráld az adatbázis sémát az új üzleti követelmények támogatására.",
            "status": "new",
            "creation_date": "2024-03-21",
            "deadline": "2024-04-06"
        },
        {
            "project_id": 4,
            "story_id": 8,
            "creator_id": 10,
            "responsible_id": 11,
            "name": "API végpontok fejlesztése",
            "description": "Fejlessz ki új funkciókat az alkalmazás adminisztrátori felületéhez.",
            "status": "implementation",
            "creation_date": "2024-06-24",
            "deadline": "2024-06-26"
        },
        {
            "project_id": 4,
            "story_id": 7,
            "creator_id": 25,
            "responsible_id": 27,
            "name": "Kódellenőrzések végrehajtása",
            "description": "Valósítsd meg az új funkciót, amely lehetővé teszi a felhasználói adatok CSV-be történő exportálását.",
            "status": "analysis",
            "creation_date": "2024-07-01",
            "deadline": "2024-07-13"
        },
        {
            "project_id": 9,
            "story_id": 18,
            "creator_id": 26,
            "responsible_id": 3,
            "name": "Biztonsági frissítések alkalmazása",
            "description": "Tedd lehetővé az alkalmazás konfigurációs beállításainak egyszerű kezelését.",
            "status": "implementation",
            "creation_date": "2024-06-27",
            "deadline": "2024-08-09"
        },
        {
            "project_id": 3,
            "story_id": 5,
            "creator_id": 24,
            "responsible_id": 17,
            "name": "Adatbázis mentések készítése",
            "description": "Frissítsd a projekt dokumentációját, hogy tükrözze a legutóbbi változásokat.",
            "status": "implementation",
            "creation_date": "2024-08-14",
            "deadline": "2024-10-09"
        },
        {
            "project_id": 2,
            "story_id": 4,
            "creator_id": 21,
            "responsible_id": 20,
            "name": "Új fejlesztési trendek követése",
            "description": "Javítsd az alkalmazás keresési algoritmusát a pontosabb találatok érdekében.",
            "status": "implementation",
            "creation_date": "2024-03-05",
            "deadline": "2024-05-01"
        },
        {
            "project_id": 9,
            "story_id": 17,
            "creator_id": 26,
            "responsible_id": 14,
            "name": "Felhasználói igények felmérése",
            "description": "Fejlessz ki egy egyedi irányítópultot az adminisztrátorok számára a rendszer egészségének nyomon követésére.",
            "status": "new",
            "creation_date": "2024-04-17",
            "deadline": "2024-06-01"
        },
        {
            "project_id": 4,
            "story_id": 8,
            "creator_id": 33,
            "responsible_id": 27,
            "name": "Kód megfelelőségi ellenőrzése",
            "description": "Valósítsd meg a gyorsítótárazási stratégiát a szerver terhelésének csökkentésére.",
            "status": "new",
            "creation_date": "2024-07-04",
            "deadline": "2024-07-15"
        },
        {
            "project_id": 9,
            "story_id": 18,
            "creator_id": 17,
            "responsible_id": 14,
            "name": "Rendszerarchitektúra tervezése",
            "description": "Fejlessz ki új funkciókat az alkalmazás adminisztrátori felületéhez.",
            "status": "new",
            "creation_date": "2024-06-25",
            "deadline": "2024-08-21"
        },
        {
            "project_id": 1,
            "story_id": 2,
            "creator_id": 3,
            "responsible_id": 3,
            "name": "Kibővített jelentések készítése",
            "description": "Telepítsd az új verziót a produkciós szerverre.",
            "status": "completed",
            "creation_date": "2024-02-24",
            "deadline": "2024-04-04"
        },
        {
            "project_id": 8,
            "story_id": 15,
            "creator_id": 23,
            "responsible_id": 35,
            "name": "Belső auditok végrehajtása",
            "description": "Fejlessz ki új funkciókat az alkalmazás adminisztrátori felületéhez.",
            "status": "implementation",
            "creation_date": "2023-11-28",
            "deadline": "2023-12-27"
        },
        {
            "project_id": 1,
            "story_id": 1,
            "creator_id": 7,
            "responsible_id": 10,
            "name": "Kibővített felhasználói tesztek végrehajtása",
            "description": "Írj dokumentációt az alkalmazás API végpontjairól.",
            "status": "stopped",
            "creation_date": "2024-02-10",
            "deadline": "2024-03-18"
        },
        {
            "project_id": 6,
            "story_id": 12,
            "creator_id": 23,
            "responsible_id": 22,
            "name": "Kódellenőrzések végrehajtása",
            "description": "Valósítsd meg az adatimportálást CSV fájlokból az alkalmazásba.",
            "status": "implementation",
            "creation_date": "2024-06-06",
            "deadline": "2024-07-28"
        },
        {
            "project_id": 6,
            "story_id": 12,
            "creator_id": 23,
            "responsible_id": 13,
            "name": "Kód megfelelőségi ellenőrzése",
            "description": "Adj hozzá felhasználói profilkezelési funkciókat az alkalmazáshoz.",
            "status": "new",
            "creation_date": "2024-05-19",
            "deadline": "2024-05-22"
        },
        {
            "project_id": 6,
            "story_id": 11,
            "creator_id": 11,
            "responsible_id": 32,
            "name": "Alkalmazás telepítése",
            "description": "Javítsd az alkalmazás felhasználói élményét a dizájn és a funkcionalitás kombinálásával.",
            "status": "implementation",
            "creation_date": "2024-03-14",
            "deadline": "2024-03-25"
        },
        {
            "project_id": 6,
            "story_id": 11,
            "creator_id": 31,
            "responsible_id": 23,
            "name": "Kibővített funkcionalitás tervezése",
            "description": "Valósítsd meg a gyorsítótárazási stratégiát a szerver terhelésének csökkentésére.",
            "status": "new",
            "creation_date": "2024-03-11",
            "deadline": "2024-03-23"
        },
        {
            "project_id": 3,
            "story_id": 6,
            "creator_id": 17,
            "responsible_id": 17,
            "name": "Belső auditok végrehajtása",
            "description": "Készíts új funkciókat az alkalmazás testreszabásához.",
            "status": "new",
            "creation_date": "2024-09-23",
            "deadline": "2024-10-24"
        },
        {
            "project_id": 4,
            "story_id": 7,
            "creator_id": 21,
            "responsible_id": 10,
            "name": "Egységtesztek írása",
            "description": "Javítsd a keresési funkciót, hogy tartalmazzon fejlett szűrőket.",
            "status": "new",
            "creation_date": "2024-06-30",
            "deadline": "2024-07-20"
        },
        {
            "project_id": 8,
            "story_id": 16,
            "creator_id": 17,
            "responsible_id": 24,
            "name": "Kód refaktorálása teljesítményjavítás céljából",
            "description": "Fejlessz ki új funkciókat az alkalmazás adminisztrátori felületéhez.",
            "status": "new",
            "creation_date": "2023-12-29",
            "deadline": "2024-02-02"
        },
        {
            "project_id": 2,
            "story_id": 4,
            "creator_id": 8,
            "responsible_id": 33,
            "name": "Adatelemzési eszközök telepítése",
            "description": "Írj átfogó egységteszteket az új funkciókhoz.",
            "status": "analysis",
            "creation_date": "2024-03-17",
            "deadline": "2024-04-30"
        },
        {
            "project_id": 2,
            "story_id": 4,
            "creator_id": 30,
            "responsible_id": 7,
            "name": "Jelentéskészítő eszközök beállítása",
            "description": "Fejleszd az alkalmazás adatvédelmi és biztonsági funkcióit.",
            "status": "analysis",
            "creation_date": "2024-03-01",
            "deadline": "2024-03-28"
        },
        {
            "project_id": 4,
            "story_id": 8,
            "creator_id": 29,
            "responsible_id": 9,
            "name": "Rendszerarchitektúra tervezése",
            "description": "Végezz el kódellenőrzéseket a fejlesztői csapat által benyújtott pull requesteknél.",
            "status": "implementation",
            "creation_date": "2024-06-16",
            "deadline": "2024-08-10"
        },
        {
            "project_id": 2,
            "story_id": 3,
            "creator_id": 21,
            "responsible_id": 30,
            "name": "Adatbiztonsági intézkedések ellenőrzése",
            "description": "Javítsd az alkalmazás betöltési idejét az eszközök optimalizálásával.",
            "status": "implementation",
            "creation_date": "2024-03-02",
            "deadline": "2024-04-21"
        },
        {
            "project_id": 3,
            "story_id": 5,
            "creator_id": 4,
            "responsible_id": 22,
            "name": "Jelentéskészítő eszközök beállítása",
            "description": "Javítsd a keresési funkciót, hogy tartalmazzon fejlett szűrőket.",
            "status": "new",
            "creation_date": "2024-08-22",
            "deadline": "2024-09-10"
        },
        {
            "project_id": 9,
            "story_id": 18,
            "creator_id": 33,
            "responsible_id": 30,
            "name": "Belső auditok végrehajtása",
            "description": "Javítsd az alkalmazás betöltési idejét az eszközök optimalizálásával.",
            "status": "implementation",
            "creation_date": "2024-07-14",
            "deadline": "2024-07-27"
        },
        {
            "project_id": 5,
            "story_id": 10,
            "creator_id": 19,
            "responsible_id": 31,
            "name": "Termék fejlesztési tervek kidolgozása",
            "description": "Készíts új felhasználói segédleteket az alkalmazás használatához.",
            "status": "new",
            "creation_date": "2024-03-07",
            "deadline": "2024-04-16"
        },
        {
            "project_id": 5,
            "story_id": 10,
            "creator_id": 25,
            "responsible_id": 13,
            "name": "Biztonsági frissítések alkalmazása",
            "description": "Fejleszd az alkalmazás offline működési képességeit.",
            "status": "new",
            "creation_date": "2024-03-23",
            "deadline": "2024-04-21"
        },
        {
            "project_id": 2,
            "story_id": 4,
            "creator_id": 15,
            "responsible_id": 25,
            "name": "Adatbázis mentések készítése",
            "description": "Refaktoráld a régi kódot a teljesítmény és olvashatóság javítása érdekében.",
            "status": "implementation",
            "creation_date": "2024-03-14",
            "deadline": "2024-03-27"
        },
        {
            "project_id": 3,
            "story_id": 5,
            "creator_id": 5,
            "responsible_id": 30,
            "name": "Új funkciók prototípusainak készítése",
            "description": "Készíts új funkciókat a felhasználói értesítésekhez.",
            "status": "new",
            "creation_date": "2024-08-14",
            "deadline": "2024-09-19"
        },
        {
            "project_id": 5,
            "story_id": 10,
            "creator_id": 32,
            "responsible_id": 3,
            "name": "Szerver teljesítményének javítása",
            "description": "Valósítsd meg a felhasználói jogosultságok és szerepkörök kezelését.",
            "status": "analysis",
            "creation_date": "2024-03-06",
            "deadline": "2024-05-02"
        },
        {
            "project_id": 2,
            "story_id": 4,
            "creator_id": 11,
            "responsible_id": 35,
            "name": "API dokumentáció frissítése",
            "description": "Javítsd az alkalmazás adatkezelési képességeit.",
            "status": "new",
            "creation_date": "2024-02-22",
            "deadline": "2024-04-04"
        },
        {
            "project_id": 5,
            "story_id": 10,
            "creator_id": 35,
            "responsible_id": 26,
            "name": "Új fejlesztési trendek követése",
            "description": "Javítsd az alkalmazás teljesítményét a háttérszolgáltatások optimalizálásával.",
            "status": "new",
            "creation_date": "2024-03-07",
            "deadline": "2024-04-05"
        },
        {
            "project_id": 4,
            "story_id": 8,
            "creator_id": 26,
            "responsible_id": 33,
            "name": "Adatelemzési eszközök telepítése",
            "description": "Implementáld az új jelentési eszközöket az alkalmazásban.",
            "status": "implementation",
            "creation_date": "2024-06-26",
            "deadline": "2024-07-15"
        },
        {
            "project_id": 1,
            "story_id": 1,
            "creator_id": 28,
            "responsible_id": 12,
            "name": "Kód refaktorálása teljesítményjavítás céljából",
            "description": "Optimalizáld az adatbázis lekérdezéseket a teljesítmény javítása érdekében.",
            "status": "stopped",
            "creation_date": "2024-01-20",
            "deadline": "2024-01-31"
        },
        {
            "project_id": 4,
            "story_id": 7,
            "creator_id": 32,
            "responsible_id": 21,
            "name": "Képességek és készségek fejlesztése",
            "description": "Fejleszd az alkalmazás adatvédelmi és biztonsági funkcióit.",
            "status": "new",
            "creation_date": "2024-06-27",
            "deadline": "2024-08-08"
        },
        {
            "project_id": 6,
            "story_id": 12,
            "creator_id": 20,
            "responsible_id": 20,
            "name": "Bejelentkezési hibák javítása",
            "description": "Valósítsd meg az adatimportálást CSV fájlokból az alkalmazásba.",
            "status": "new",
            "creation_date": "2024-06-13",
            "deadline": "2024-07-24"
        },
        {
            "project_id": 8,
            "story_id": 15,
            "creator_id": 20,
            "responsible_id": 30,
            "name": "Funkciók és teljesítmény optimalizálása",
            "description": "Írj automatizált end-to-end teszteket a kritikus munkafolyamatokhoz.",
            "status": "new",
            "creation_date": "2023-11-16",
            "deadline": "2024-01-04"
        },
        {
            "project_id": 7,
            "story_id": 14,
            "creator_id": 32,
            "responsible_id": 5,
            "name": "Új funkciók implementálása",
            "description": "Javítsd ki a hibát, amely megszakadásokhoz vezet a bejelentkezési folyamat során.",
            "status": "analysis",
            "creation_date": "2024-03-27",
            "deadline": "2024-04-05"
        },
        {
            "project_id": 4,
            "story_id": 8,
            "creator_id": 12,
            "responsible_id": 16,
            "name": "Projekt ütemterv nyomon követése",
            "description": "Fejlessz ki egy egyedi irányítópultot az adminisztrátorok számára a rendszer egészségének nyomon követésére.",
            "status": "analysis",
            "creation_date": "2024-06-18",
            "deadline": "2024-07-09"
        },
        {
            "project_id": 3,
            "story_id": 5,
            "creator_id": 24,
            "responsible_id": 14,
            "name": "Szerver teljesítményének javítása",
            "description": "Javítsd az alkalmazás hozzáférhetőségét a fogyatékkal élő felhasználók számára.",
            "status": "analysis",
            "creation_date": "2024-08-22",
            "deadline": "2024-10-16"
        },
        {
            "project_id": 5,
            "story_id": 9,
            "creator_id": 3,
            "responsible_id": 20,
            "name": "Adatbázis mentések készítése",
            "description": "Javítsd az hibajegyzékeket, hogy részletesebb információkat tartalmazzanak.",
            "status": "implementation",
            "creation_date": "2024-01-26",
            "deadline": "2024-02-27"
        },
        {
            "project_id": 7,
            "story_id": 13,
            "creator_id": 32,
            "responsible_id": 26,
            "name": "Bejelentkezési hibák javítása",
            "description": "Fejleszd az alkalmazás felhasználói beállításait és preferenciáit.",
            "status": "implementation",
            "creation_date": "2024-01-08",
            "deadline": "2024-02-09"
        },
        {
            "project_id": 8,
            "story_id": 16,
            "creator_id": 28,
            "responsible_id": 7,
            "name": "Funkciók és teljesítmény optimalizálása",
            "description": "Javítsd az alkalmazás betöltési idejét az eszközök optimalizálásával.",
            "status": "new",
            "creation_date": "2023-12-27",
            "deadline": "2024-01-10"
        },
        {
            "project_id": 4,
            "story_id": 8,
            "creator_id": 28,
            "responsible_id": 6,
            "name": "Rendszerintegrációs tesztelés",
            "description": "Javítsd az alkalmazás teljesítményét a háttérszolgáltatások optimalizálásával.",
            "status": "implementation",
            "creation_date": "2024-06-22",
            "deadline": "2024-08-18"
        },
        {
            "project_id": 7,
            "story_id": 14,
            "creator_id": 22,
            "responsible_id": 19,
            "name": "Frissítési és karbantartási ütemterv készítése",
            "description": "Készíts új funkciókat a felhasználói értesítésekhez.",
            "status": "analysis",
            "creation_date": "2024-04-06",
            "deadline": "2024-05-30"
        },
        {
            "project_id": 5,
            "story_id": 9,
            "creator_id": 28,
            "responsible_id": 3,
            "name": "Kibővített jelentések készítése",
            "description": "Fejlessz ki egy új felhasználói bevezetési útmutatót az alkalmazáshoz.",
            "status": "new",
            "creation_date": "2024-01-30",
            "deadline": "2024-03-14"
        },
        {
            "project_id": 4,
            "story_id": 8,
            "creator_id": 24,
            "responsible_id": 35,
            "name": "Kliens oldali teljesítmény javítása",
            "description": "Fejleszd az alkalmazás adatvédelmi és biztonsági funkcióit.",
            "status": "new",
            "creation_date": "2024-06-15",
            "deadline": "2024-06-20"
        },
        {
            "project_id": 7,
            "story_id": 14,
            "creator_id": 4,
            "responsible_id": 12,
            "name": "Szoftver verziókezelés kezelése",
            "description": "Frissítsd a projekt dokumentációját, hogy tükrözze a legutóbbi változásokat.",
            "status": "analysis",
            "creation_date": "2024-03-22",
            "deadline": "2024-04-20"
        },
        {
            "project_id": 7,
            "story_id": 13,
            "creator_id": 27,
            "responsible_id": 16,
            "name": "Fejlesztési sprint tervezése",
            "description": "Valósítsd meg az új funkciót, amely lehetővé teszi a felhasználói adatok CSV-be történő exportálását.",
            "status": "new",
            "creation_date": "2024-01-27",
            "deadline": "2024-03-08"
        },
        {
            "project_id": 3,
            "story_id": 5,
            "creator_id": 1,
            "responsible_id": 20,
            "name": "Weboldal reszponzív tervezése",
            "description": "Készíts új felhasználói segédleteket az alkalmazás használatához.",
            "status": "analysis",
            "creation_date": "2024-08-08",
            "deadline": "2024-10-07"
        },
        {
            "project_id": 8,
            "story_id": 15,
            "creator_id": 30,
            "responsible_id": 35,
            "name": "Új funkciók implementálása",
            "description": "Tedd lehetővé az alkalmazás automatikus frissítéseit.",
            "status": "implementation",
            "creation_date": "2023-12-15",
            "deadline": "2023-12-28"
        },
        {
            "project_id": 7,
            "story_id": 14,
            "creator_id": 8,
            "responsible_id": 33,
            "name": "Kód minőségének ellenőrzése",
            "description": "Javítsd a keresési funkciót, hogy tartalmazzon fejlett szűrőket.",
            "status": "implementation",
            "creation_date": "2024-03-10",
            "deadline": "2024-03-17"
        },
        {
            "project_id": 1,
            "story_id": 2,
            "creator_id": 13,
            "responsible_id": 2,
            "name": "Jelentéskészítő eszközök beállítása",
            "description": "Írj dokumentációt az alkalmazás API végpontjairól.",
            "status": "stopped",
            "creation_date": "2024-02-19",
            "deadline": "2024-03-15"
        },
        {
            "project_id": 9,
            "story_id": 17,
            "creator_id": 25,
            "responsible_id": 6,
            "name": "Változások bevezetésének ütemezése",
            "description": "Javítsd a keresési funkciót, hogy tartalmazzon fejlett szűrőket.",
            "status": "implementation",
            "creation_date": "2024-04-27",
            "deadline": "2024-05-13"
        },
        {
            "project_id": 4,
            "story_id": 8,
            "creator_id": 31,
            "responsible_id": 10,
            "name": "Hibajegyek priorizálása",
            "description": "Javítsd az alkalmazás felhasználói élményét a dizájn és a funkcionalitás kombinálásával.",
            "status": "implementation",
            "creation_date": "2024-07-13",
            "deadline": "2024-08-15"
        },
        {
            "project_id": 4,
            "story_id": 8,
            "creator_id": 27,
            "responsible_id": 26,
            "name": "Kód minőségének ellenőrzése",
            "description": "Fejlessz ki új funkciókat az alkalmazás adminisztrátori felületéhez.",
            "status": "implementation",
            "creation_date": "2024-07-13",
            "deadline": "2024-08-27"
        },
        {
            "project_id": 7,
            "story_id": 14,
            "creator_id": 21,
            "responsible_id": 8,
            "name": "Kódellenőrzések végrehajtása",
            "description": "Javítsd az alkalmazás betöltési idejét az eszközök optimalizálásával.",
            "status": "implementation",
            "creation_date": "2024-03-25",
            "deadline": "2024-04-08"
        },
        {
            "project_id": 2,
            "story_id": 4,
            "creator_id": 23,
            "responsible_id": 11,
            "name": "Alkalmazás telepítése",
            "description": "Frissítsd a felhasználói felület komponenseit, hogy megfeleljenek az új dizájn irányelveinek.",
            "status": "analysis",
            "creation_date": "2024-03-20",
            "deadline": "2024-04-30"
        },
        {
            "project_id": 7,
            "story_id": 14,
            "creator_id": 30,
            "responsible_id": 10,
            "name": "Adatimportálási folyamatok javítása",
            "description": "Frissítsd a felhasználói felület komponenseit, hogy megfeleljenek az új dizájn irányelveinek.",
            "status": "new",
            "creation_date": "2024-03-30",
            "deadline": "2024-05-09"
        },
        {
            "project_id": 2,
            "story_id": 3,
            "creator_id": 14,
            "responsible_id": 4,
            "name": "Új funkciók implementálása",
            "description": "Fejlessz ki egy új felhasználói bevezetési útmutatót az alkalmazáshoz.",
            "status": "analysis",
            "creation_date": "2024-03-12",
            "deadline": "2024-04-09"
        },
        {
            "project_id": 7,
            "story_id": 13,
            "creator_id": 2,
            "responsible_id": 3,
            "name": "Kibővített jelentések készítése",
            "description": "Javítsd az alkalmazás adatkezelési képességeit.",
            "status": "new",
            "creation_date": "2024-01-25",
            "deadline": "2024-03-14"
        },
        {
            "project_id": 9,
            "story_id": 18,
            "creator_id": 29,
            "responsible_id": 17,
            "name": "Képességek és készségek fejlesztése",
            "description": "Készíts egy felhasználói visszajelzés-gyűjtő rendszert az alkalmazáson belül.",
            "status": "implementation",
            "creation_date": "2024-06-20",
            "deadline": "2024-08-16"
        },
        {
            "project_id": 3,
            "story_id": 6,
            "creator_id": 22,
            "responsible_id": 25,
            "name": "Rendszerarchitektúra tervezése",
            "description": "Javítsd az alkalmazás betöltési idejét az eszközök optimalizálásával.",
            "status": "implementation",
            "creation_date": "2024-10-07",
            "deadline": "2024-11-13"
        },
        {
            "project_id": 6,
            "story_id": 11,
            "creator_id": 2,
            "responsible_id": 12,
            "name": "Egységtesztek írása",
            "description": "Fejleszd az alkalmazás hibakezelési és naplózási rendszereit.",
            "status": "new",
            "creation_date": "2024-03-25",
            "deadline": "2024-05-02"
        },
        {
            "project_id": 3,
            "story_id": 6,
            "creator_id": 26,
            "responsible_id": 19,
            "name": "API végpontok fejlesztése",
            "description": "Adj hozzá felhasználói profilkezelési funkciókat az alkalmazáshoz.",
            "status": "new",
            "creation_date": "2024-09-23",
            "deadline": "2024-10-26"
        },
        {
            "project_id": 6,
            "story_id": 11,
            "creator_id": 33,
            "responsible_id": 31,
            "name": "Bejelentkezési hibák javítása",
            "description": "Fejleszd az alkalmazás hibakezelési és naplózási rendszereit.",
            "status": "analysis",
            "creation_date": "2024-03-31",
            "deadline": "2024-05-28"
        },
        {
            "project_id": 9,
            "story_id": 17,
            "creator_id": 20,
            "responsible_id": 20,
            "name": "Hibajegyek priorizálása",
            "description": "Készíts egy felhasználói visszajelzés-gyűjtő rendszert az alkalmazáson belül.",
            "status": "analysis",
            "creation_date": "2024-04-18",
            "deadline": "2024-06-08"
        },
        {
            "project_id": 1,
            "story_id": 1,
            "creator_id": 11,
            "responsible_id": 16,
            "name": "Szoftver verziókezelés kezelése",
            "description": "Optimalizáld az adatbázis lekérdezéseket a teljesítmény javítása érdekében.",
            "status": "completed",
            "creation_date": "2024-01-20",
            "deadline": "2024-03-19"
        },
        {
            "project_id": 4,
            "story_id": 8,
            "creator_id": 8,
            "responsible_id": 34,
            "name": "Termék fejlesztési tervek kidolgozása",
            "description": "Javítsd a biztonsági réseket a legutóbbi audit alapján.",
            "status": "new",
            "creation_date": "2024-06-20",
            "deadline": "2024-07-02"
        },
        {
            "project_id": 7,
            "story_id": 14,
            "creator_id": 26,
            "responsible_id": 26,
            "name": "Szerver teljesítményének javítása",
            "description": "Írj migrációs szkripteket a legújabb adatbázis sémaváltozásokhoz.",
            "status": "analysis",
            "creation_date": "2024-03-22",
            "deadline": "2024-03-26"
        },
        {
            "project_id": 1,
            "story_id": 1,
            "creator_id": 19,
            "responsible_id": 11,
            "name": "API dokumentáció frissítése",
            "description": "Javítsd az alkalmazás keresési algoritmusát a pontosabb találatok érdekében.",
            "status": "stopped",
            "creation_date": "2024-02-07",
            "deadline": "2024-04-02"
        },
        {
            "project_id": 1,
            "story_id": 1,
            "creator_id": 31,
            "responsible_id": 4,
            "name": "Kódellenőrzések végrehajtása",
            "description": "Javítsd a keresési funkciót, hogy tartalmazzon fejlett szűrőket.",
            "status": "stopped",
            "creation_date": "2024-01-30",
            "deadline": "2024-02-04"
        },
        {
            "project_id": 5,
            "story_id": 9,
            "creator_id": 21,
            "responsible_id": 19,
            "name": "Dokumentáció frissítése",
            "description": "Valósítsd meg a felhasználói jogosultságok és szerepkörök kezelését.",
            "status": "new",
            "creation_date": "2024-02-09",
            "deadline": "2024-03-13"
        },
        {
            "project_id": 9,
            "story_id": 18,
            "creator_id": 6,
            "responsible_id": 30,
            "name": "Alkalmazás telepítése",
            "description": "Refaktoráld az adatbázis sémát az új üzleti követelmények támogatására.",
            "status": "implementation",
            "creation_date": "2024-07-19",
            "deadline": "2024-09-13"
        },
        {
            "project_id": 7,
            "story_id": 13,
            "creator_id": 33,
            "responsible_id": 3,
            "name": "Hibajegyek kezelése és nyomon követése",
            "description": "Adj hozzá felhasználói profilkezelési funkciókat az alkalmazáshoz.",
            "status": "analysis",
            "creation_date": "2024-01-24",
            "deadline": "2024-02-04"
        },
        {
            "project_id": 1,
            "story_id": 1,
            "creator_id": 7,
            "responsible_id": 14,
            "name": "Hibajegyek kezelése és nyomon követése",
            "description": "Készíts új jelentéseket az alkalmazás felhasználói tevékenységeiről.",
            "status": "completed",
            "creation_date": "2024-02-03",
            "deadline": "2024-03-16"
        },
        {
            "project_id": 2,
            "story_id": 3,
            "creator_id": 7,
            "responsible_id": 28,
            "name": "Kliens oldali teljesítmény javítása",
            "description": "Frissítsd az alkalmazás adatvédelmi irányelveit, hogy megfeleljen az új szabályozásoknak.",
            "status": "new",
            "creation_date": "2024-02-19",
            "deadline": "2024-03-15"
        },
        {
            "project_id": 2,
            "story_id": 3,
            "creator_id": 33,
            "responsible_id": 3,
            "name": "Funkciók és teljesítmény optimalizálása",
            "description": "Írj migrációs szkripteket a legújabb adatbázis sémaváltozásokhoz.",
            "status": "new",
            "creation_date": "2024-02-27",
            "deadline": "2024-03-30"
        },
        {
            "project_id": 5,
            "story_id": 9,
            "creator_id": 27,
            "responsible_id": 22,
            "name": "Alkalmazás telepítése",
            "description": "Frissítsd az alkalmazás adatvédelmi irányelveit, hogy megfeleljen az új szabályozásoknak.",
            "status": "analysis",
            "creation_date": "2024-01-28",
            "deadline": "2024-02-02"
        },
        {
            "project_id": 1,
            "story_id": 2,
            "creator_id": 16,
            "responsible_id": 22,
            "name": "Adatbázis mentések készítése",
            "description": "Frissítsd az alkalmazás felhasználói felületének dizájnját a legújabb trendek szerint.",
            "status": "stopped",
            "creation_date": "2024-03-01",
            "deadline": "2024-03-02"
        },
        {
            "project_id": 2,
            "story_id": 3,
            "creator_id": 3,
            "responsible_id": 14,
            "name": "Kódellenőrzések végrehajtása",
            "description": "Fejlessz RESTful API végpontokat a felhasználói hitelesítéshez.",
            "status": "analysis",
            "creation_date": "2024-03-01",
            "deadline": "2024-03-18"
        },
        {
            "project_id": 3,
            "story_id": 5,
            "creator_id": 14,
            "responsible_id": 6,
            "name": "Képzés és dokumentáció a csapat számára",
            "description": "Fejlessz ki új funkciókat az alkalmazás adminisztrátori felületéhez.",
            "status": "analysis",
            "creation_date": "2024-08-23",
            "deadline": "2024-09-06"
        },
        {
            "project_id": 5,
            "story_id": 9,
            "creator_id": 6,
            "responsible_id": 17,
            "name": "Funkciók és teljesítmény optimalizálása",
            "description": "Valósítsd meg a felhasználói jogosultságok és szerepkörök kezelését.",
            "status": "implementation",
            "creation_date": "2024-02-12",
            "deadline": "2024-03-19"
        },
        {
            "project_id": 8,
            "story_id": 16,
            "creator_id": 11,
            "responsible_id": 16,
            "name": "Funkciók és teljesítmény optimalizálása",
            "description": "Javítsd ki a hibát, amely megszakadásokhoz vezet a bejelentkezési folyamat során.",
            "status": "analysis",
            "creation_date": "2023-12-30",
            "deadline": "2024-01-16"
        },
        {
            "project_id": 3,
            "story_id": 6,
            "creator_id": 24,
            "responsible_id": 2,
            "name": "Felhasználói igények felmérése",
            "description": "Tervezd meg és valósítsd meg a fő irányítópult felhasználói felületét.",
            "status": "new",
            "creation_date": "2024-09-12",
            "deadline": "2024-10-01"
        },
        {
            "project_id": 9,
            "story_id": 18,
            "creator_id": 23,
            "responsible_id": 29,
            "name": "Szoftver verziókezelés kezelése",
            "description": "Valósítsd meg az alkalmazás személyre szabását felhasználói igények alapján.",
            "status": "implementation",
            "creation_date": "2024-07-08",
            "deadline": "2024-08-23"
        },
        {
            "project_id": 6,
            "story_id": 12,
            "creator_id": 30,
            "responsible_id": 7,
            "name": "Weboldal reszponzív tervezése",
            "description": "Javítsd a biztonsági réseket a legutóbbi audit alapján.",
            "status": "analysis",
            "creation_date": "2024-06-10",
            "deadline": "2024-08-07"
        },
        {
            "project_id": 1,
            "story_id": 2,
            "creator_id": 13,
            "responsible_id": 3,
            "name": "Rendszerintegrációs tesztelés",
            "description": "Frissítsd az alkalmazás adatvédelmi irányelveit, hogy megfeleljen az új szabályozásoknak.",
            "status": "completed",
            "creation_date": "2024-02-29",
            "deadline": "2024-04-16"
        },
        {
            "project_id": 4,
            "story_id": 8,
            "creator_id": 24,
            "responsible_id": 9,
            "name": "Adatbázis mentések készítése",
            "description": "Fejleszd az alkalmazás felhasználói beállításait és preferenciáit.",
            "status": "implementation",
            "creation_date": "2024-06-25",
            "deadline": "2024-07-27"
        },
        {
            "project_id": 1,
            "story_id": 2,
            "creator_id": 27,
            "responsible_id": 22,
            "name": "Képességek és készségek fejlesztése",
            "description": "Telepítsd az új verziót a produkciós szerverre.",
            "status": "completed",
            "creation_date": "2024-03-01",
            "deadline": "2024-04-11"
        },
        {
            "project_id": 5,
            "story_id": 10,
            "creator_id": 29,
            "responsible_id": 24,
            "name": "Ügyfélszolgálati igények kezelése",
            "description": "Javítsd az alkalmazás felhasználói élményét a dizájn és a funkcionalitás kombinálásával.",
            "status": "new",
            "creation_date": "2024-03-09",
            "deadline": "2024-04-04"
        },
        {
            "project_id": 3,
            "story_id": 5,
            "creator_id": 24,
            "responsible_id": 16,
            "name": "API dokumentáció frissítése",
            "description": "Fejlessz ki új funkciókat az alkalmazás adminisztrátori felületéhez.",
            "status": "new",
            "creation_date": "2024-08-01",
            "deadline": "2024-08-05"
        },
        {
            "project_id": 2,
            "story_id": 4,
            "creator_id": 34,
            "responsible_id": 10,
            "name": "API kulcsok és hitelesítési adatok kezelése",
            "description": "Fejleszd az alkalmazás felhasználói beállításait és preferenciáit.",
            "status": "implementation",
            "creation_date": "2024-03-04",
            "deadline": "2024-03-13"
        },
        {
            "project_id": 9,
            "story_id": 17,
            "creator_id": 33,
            "responsible_id": 29,
            "name": "Fejlesztői környezet konfigurálása",
            "description": "Készíts új funkciókat a felhasználói értesítésekhez.",
            "status": "analysis",
            "creation_date": "2024-04-28",
            "deadline": "2024-06-08"
        },
        {
            "project_id": 9,
            "story_id": 18,
            "creator_id": 35,
            "responsible_id": 6,
            "name": "Egységtesztek írása",
            "description": "Javítsd ki a hibát, amely megszakadásokhoz vezet a bejelentkezési folyamat során.",
            "status": "analysis",
            "creation_date": "2024-07-08",
            "deadline": "2024-08-15"
        },
        {
            "project_id": 8,
            "story_id": 15,
            "creator_id": 22,
            "responsible_id": 3,
            "name": "API végpontok fejlesztése",
            "description": "Javítsd ki a hibát, amely megszakadásokhoz vezet a bejelentkezési folyamat során.",
            "status": "implementation",
            "creation_date": "2023-12-10",
            "deadline": "2024-01-10"
        },
        {
            "project_id": 2,
            "story_id": 4,
            "creator_id": 32,
            "responsible_id": 10,
            "name": "Felhasználói felület tervezése",
            "description": "Telepítsd az új verziót a produkciós szerverre.",
            "status": "analysis",
            "creation_date": "2024-03-05",
            "deadline": "2024-03-07"
        },
        {
            "project_id": 4,
            "story_id": 8,
            "creator_id": 20,
            "responsible_id": 19,
            "name": "Termék fejlesztési tervek kidolgozása",
            "description": "Készíts egy felhasználói visszajelzés-gyűjtő rendszert az alkalmazáson belül.",
            "status": "analysis",
            "creation_date": "2024-06-23",
            "deadline": "2024-08-05"
        },
        {
            "project_id": 7,
            "story_id": 13,
            "creator_id": 20,
            "responsible_id": 1,
            "name": "Rendszerarchitektúra tervezése",
            "description": "Refaktoráld az adatbázis sémát az új üzleti követelmények támogatására.",
            "status": "new",
            "creation_date": "2024-01-14",
            "deadline": "2024-02-10"
        },
        {
            "project_id": 8,
            "story_id": 15,
            "creator_id": 4,
            "responsible_id": 27,
            "name": "Kibővített felhasználói tesztek végrehajtása",
            "description": "Frissítsd a felhasználói felület komponenseit, hogy megfeleljenek az új dizájn irányelveinek.",
            "status": "analysis",
            "creation_date": "2023-11-27",
            "deadline": "2024-01-19"
        },
        {
            "project_id": 9,
            "story_id": 17,
            "creator_id": 13,
            "responsible_id": 12,
            "name": "Frissítési és karbantartási ütemterv készítése",
            "description": "Valósítsd meg az új funkciót, amely lehetővé teszi a felhasználói adatok CSV-be történő exportálását.",
            "status": "implementation",
            "creation_date": "2024-04-20",
            "deadline": "2024-04-22"
        },
        {
            "project_id": 2,
            "story_id": 3,
            "creator_id": 6,
            "responsible_id": 11,
            "name": "Képzés és dokumentáció a csapat számára",
            "description": "Javítsd a keresési funkciót, hogy tartalmazzon fejlett szűrőket.",
            "status": "new",
            "creation_date": "2024-02-23",
            "deadline": "2024-02-29"
        },
        {
            "project_id": 3,
            "story_id": 6,
            "creator_id": 20,
            "responsible_id": 34,
            "name": "Funkciók és teljesítmény optimalizálása",
            "description": "Javítsd a keresési funkciót, hogy tartalmazzon fejlett szűrőket.",
            "status": "analysis",
            "creation_date": "2024-10-10",
            "deadline": "2024-11-04"
        },
        {
            "project_id": 5,
            "story_id": 9,
            "creator_id": 22,
            "responsible_id": 12,
            "name": "Funkciók és teljesítmény optimalizálása",
            "description": "Frissítsd a projekt dokumentációját, hogy tükrözze a legutóbbi változásokat.",
            "status": "new",
            "creation_date": "2024-01-22",
            "deadline": "2024-02-18"
        },
        {
            "project_id": 7,
            "story_id": 14,
            "creator_id": 15,
            "responsible_id": 22,
            "name": "Hibajegyek kezelése és nyomon követése",
            "description": "Készíts új jelentéseket az alkalmazás felhasználói tevékenységeiről.",
            "status": "analysis",
            "creation_date": "2024-03-16",
            "deadline": "2024-03-29"
        },
        {
            "project_id": 9,
            "story_id": 17,
            "creator_id": 26,
            "responsible_id": 13,
            "name": "Ügyfélszolgálati igények kezelése",
            "description": "Optimalizáld az adatbázis lekérdezéseket a teljesítmény javítása érdekében.",
            "status": "analysis",
            "creation_date": "2024-04-23",
            "deadline": "2024-06-07"
        },
        {
            "project_id": 8,
            "story_id": 15,
            "creator_id": 4,
            "responsible_id": 23,
            "name": "Adatbázis lekérdezések optimalizálása",
            "description": "Optimalizáld az adatbázis lekérdezéseket a teljesítmény javítása érdekében.",
            "status": "implementation",
            "creation_date": "2023-11-21",
            "deadline": "2023-11-25"
        },
        {
            "project_id": 4,
            "story_id": 7,
            "creator_id": 6,
            "responsible_id": 14,
            "name": "Hibaelhárítási útmutató készítése",
            "description": "Végezz el kódellenőrzéseket a fejlesztői csapat által benyújtott pull requesteknél.",
            "status": "analysis",
            "creation_date": "2024-06-08",
            "deadline": "2024-06-28"
        },
        {
            "project_id": 6,
            "story_id": 12,
            "creator_id": 12,
            "responsible_id": 24,
            "name": "Dokumentáció frissítése",
            "description": "Írj automatizált end-to-end teszteket a kritikus munkafolyamatokhoz.",
            "status": "new",
            "creation_date": "2024-06-10",
            "deadline": "2024-06-27"
        },
        {
            "project_id": 5,
            "story_id": 10,
            "creator_id": 14,
            "responsible_id": 18,
            "name": "Rendszerintegrációs tesztelés",
            "description": "Javítsd az alkalmazás betöltési idejét az eszközök optimalizálásával.",
            "status": "new",
            "creation_date": "2024-03-17",
            "deadline": "2024-04-23"
        },
        {
            "project_id": 7,
            "story_id": 14,
            "creator_id": 9,
            "responsible_id": 21,
            "name": "Új funkciók implementálása",
            "description": "Javítsd az alkalmazás teljesítményét a háttérszolgáltatások optimalizálásával.",
            "status": "new",
            "creation_date": "2024-03-28",
            "deadline": "2024-04-01"
        },
        {
            "project_id": 7,
            "story_id": 14,
            "creator_id": 3,
            "responsible_id": 17,
            "name": "Fejlesztői környezet konfigurálása",
            "description": "Javítsd az alkalmazás felhasználói élményét a dizájn és a funkcionalitás kombinálásával.",
            "status": "implementation",
            "creation_date": "2024-03-29",
            "deadline": "2024-04-08"
        },
        {
            "project_id": 5,
            "story_id": 10,
            "creator_id": 15,
            "responsible_id": 27,
            "name": "Alkalmazás telepítése",
            "description": "Javítsd az alkalmazás hozzáférhetőségét a fogyatékkal élő felhasználók számára.",
            "status": "analysis",
            "creation_date": "2024-04-01",
            "deadline": "2024-04-11"
        },
        {
            "project_id": 6,
            "story_id": 11,
            "creator_id": 27,
            "responsible_id": 35,
            "name": "Adatbiztonsági intézkedések ellenőrzése",
            "description": "Tedd lehetővé az alkalmazás konfigurációs beállításainak egyszerű kezelését.",
            "status": "analysis",
            "creation_date": "2024-03-25",
            "deadline": "2024-03-27"
        },
        {
            "project_id": 6,
            "story_id": 12,
            "creator_id": 13,
            "responsible_id": 27,
            "name": "Fejlesztési sprint tervezése",
            "description": "Fejleszd az alkalmazás offline működési képességeit.",
            "status": "analysis",
            "creation_date": "2024-06-12",
            "deadline": "2024-07-06"
        },
        {
            "project_id": 2,
            "story_id": 4,
            "creator_id": 2,
            "responsible_id": 31,
            "name": "Új funkciók implementálása",
            "description": "Fejleszd az alkalmazás felhasználói beállításait és preferenciáit.",
            "status": "new",
            "creation_date": "2024-03-09",
            "deadline": "2024-03-11"
        },
        {
            "project_id": 9,
            "story_id": 17,
            "creator_id": 12,
            "responsible_id": 18,
            "name": "Szerver teljesítményének javítása",
            "description": "Frissítsd a projekt dokumentációját, hogy tükrözze a legutóbbi változásokat.",
            "status": "analysis",
            "creation_date": "2024-05-06",
            "deadline": "2024-05-12"
        },
        {
            "project_id": 5,
            "story_id": 10,
            "creator_id": 6,
            "responsible_id": 7,
            "name": "Fejlesztési sprint tervezése",
            "description": "Refaktoráld a régi kódot a teljesítmény és olvashatóság javítása érdekében.",
            "status": "new",
            "creation_date": "2024-04-04",
            "deadline": "2024-04-23"
        },
        {
            "project_id": 8,
            "story_id": 16,
            "creator_id": 22,
            "responsible_id": 14,
            "name": "API dokumentáció frissítése",
            "description": "Írj átfogó egységteszteket az új funkciókhoz.",
            "status": "new",
            "creation_date": "2023-12-18",
            "deadline": "2024-01-24"
        },
        {
            "project_id": 4,
            "story_id": 8,
            "creator_id": 23,
            "responsible_id": 5,
            "name": "Fejlesztői környezet konfigurálása",
            "description": "Refaktoráld az adatbázis sémát az új üzleti követelmények támogatására.",
            "status": "new",
            "creation_date": "2024-07-03",
            "deadline": "2024-08-27"
        },
        {
            "project_id": 2,
            "story_id": 4,
            "creator_id": 11,
            "responsible_id": 23,
            "name": "Frissítési és karbantartási ütemterv készítése",
            "description": "Fejleszd az alkalmazás offline működési képességeit.",
            "status": "new",
            "creation_date": "2024-03-06",
            "deadline": "2024-03-14"
        },
        {
            "project_id": 5,
            "story_id": 10,
            "creator_id": 27,
            "responsible_id": 2,
            "name": "Alkalmazás telepítése",
            "description": "Készíts új jelentéseket a felhasználói tevékenységekről.",
            "status": "implementation",
            "creation_date": "2024-03-27",
            "deadline": "2024-04-28"
        },
        {
            "project_id": 2,
            "story_id": 4,
            "creator_id": 35,
            "responsible_id": 35,
            "name": "Adatelemzési eszközök telepítése",
            "description": "Telepítsd az új verziót a produkciós szerverre.",
            "status": "implementation",
            "creation_date": "2024-03-20",
            "deadline": "2024-05-12"
        },
        {
            "project_id": 3,
            "story_id": 5,
            "creator_id": 30,
            "responsible_id": 22,
            "name": "Hibaelhárítási útmutató készítése",
            "description": "Készíts új jelentéseket az alkalmazás felhasználói tevékenységeiről.",
            "status": "implementation",
            "creation_date": "2024-08-08",
            "deadline": "2024-08-17"
        },
        {
            "project_id": 4,
            "story_id": 7,
            "creator_id": 22,
            "responsible_id": 27,
            "name": "Fejlesztési sprint tervezése",
            "description": "Refaktoráld az adatbázis sémát az új üzleti követelmények támogatására.",
            "status": "new",
            "creation_date": "2024-06-15",
            "deadline": "2024-08-02"
        },
        {
            "project_id": 3,
            "story_id": 6,
            "creator_id": 31,
            "responsible_id": 4,
            "name": "Hibaelhárítási útmutató készítése",
            "description": "Integráld a harmadik fél által nyújtott fizetési átjárót a tranzakciókhoz.",
            "status": "new",
            "creation_date": "2024-09-30",
            "deadline": "2024-11-11"
        },
        {
            "project_id": 7,
            "story_id": 14,
            "creator_id": 3,
            "responsible_id": 6,
            "name": "API kulcsok és hitelesítési adatok kezelése",
            "description": "Írj migrációs szkripteket a legújabb adatbázis sémaváltozásokhoz.",
            "status": "analysis",
            "creation_date": "2024-04-09",
            "deadline": "2024-04-19"
        },
        {
            "project_id": 1,
            "story_id": 1,
            "creator_id": 12,
            "responsible_id": 18,
            "name": "Kód refaktorálása teljesítményjavítás céljából",
            "description": "Implementáld az új jelentési eszközöket az alkalmazásban.",
            "status": "completed",
            "creation_date": "2024-01-19",
            "deadline": "2024-02-09"
        },
        {
            "project_id": 6,
            "story_id": 12,
            "creator_id": 10,
            "responsible_id": 11,
            "name": "Rendszerintegrációs tesztelés",
            "description": "Fejlessz ki egy egyedi irányítópultot az adminisztrátorok számára a rendszer egészségének nyomon követésére.",
            "status": "new",
            "creation_date": "2024-05-15",
            "deadline": "2024-05-19"
        },
        {
            "project_id": 9,
            "story_id": 17,
            "creator_id": 24,
            "responsible_id": 30,
            "name": "UI hibák javítása",
            "description": "Készíts reszponzív dizájnt az alkalmazás mobil verziójához.",
            "status": "analysis",
            "creation_date": "2024-04-16",
            "deadline": "2024-06-13"
        },
        {
            "project_id": 9,
            "story_id": 17,
            "creator_id": 5,
            "responsible_id": 2,
            "name": "Adatelemzési eszközök telepítése",
            "description": "Javítsd az alkalmazás adatkezelési képességeit.",
            "status": "new",
            "creation_date": "2024-04-21",
            "deadline": "2024-06-09"
        },
        {
            "project_id": 7,
            "story_id": 14,
            "creator_id": 21,
            "responsible_id": 11,
            "name": "Felhasználói visszajelzések elemzése",
            "description": "Frissítsd az alkalmazás felhasználói felületének dizájnját a legújabb trendek szerint.",
            "status": "new",
            "creation_date": "2024-03-27",
            "deadline": "2024-05-21"
        },
        {
            "project_id": 7,
            "story_id": 13,
            "creator_id": 35,
            "responsible_id": 17,
            "name": "API dokumentáció frissítése",
            "description": "Javítsd a biztonsági réseket a legutóbbi audit alapján.",
            "status": "new",
            "creation_date": "2024-01-27",
            "deadline": "2024-03-25"
        },
        {
            "project_id": 7,
            "story_id": 14,
            "creator_id": 22,
            "responsible_id": 20,
            "name": "Képzés és dokumentáció a csapat számára",
            "description": "Adj hozzá felhasználói profilkezelési funkciókat az alkalmazáshoz.",
            "status": "analysis",
            "creation_date": "2024-03-31",
            "deadline": "2024-04-07"
        },
        {
            "project_id": 1,
            "story_id": 2,
            "creator_id": 31,
            "responsible_id": 34,
            "name": "Automatizált tesztek beállítása",
            "description": "Készíts reszponzív dizájnt az alkalmazás mobil verziójához.",
            "status": "stopped",
            "creation_date": "2024-02-13",
            "deadline": "2024-04-13"
        },
        {
            "project_id": 7,
            "story_id": 13,
            "creator_id": 34,
            "responsible_id": 29,
            "name": "Egységtesztek írása",
            "description": "Írj automatizált end-to-end teszteket a kritikus munkafolyamatokhoz.",
            "status": "implementation",
            "creation_date": "2024-01-09",
            "deadline": "2024-01-25"
        },
        {
            "project_id": 5,
            "story_id": 10,
            "creator_id": 25,
            "responsible_id": 35,
            "name": "API kulcsok és hitelesítési adatok kezelése",
            "description": "Készíts új jelentéseket a felhasználói tevékenységekről.",
            "status": "new",
            "creation_date": "2024-03-26",
            "deadline": "2024-05-22"
        },
        {
            "project_id": 4,
            "story_id": 8,
            "creator_id": 3,
            "responsible_id": 2,
            "name": "Változások bevezetésének ütemezése",
            "description": "Javítsd az alkalmazás felhasználói élményét a dizájn és a funkcionalitás kombinálásával.",
            "status": "analysis",
            "creation_date": "2024-06-19",
            "deadline": "2024-08-07"
        },
        {
            "project_id": 3,
            "story_id": 6,
            "creator_id": 2,
            "responsible_id": 5,
            "name": "Frissítési és karbantartási ütemterv készítése",
            "description": "Javítsd ki a hibát, amely megszakadásokhoz vezet a bejelentkezési folyamat során.",
            "status": "analysis",
            "creation_date": "2024-10-02",
            "deadline": "2024-11-13"
        },
        {
            "project_id": 3,
            "story_id": 6,
            "creator_id": 19,
            "responsible_id": 10,
            "name": "Kibővített funkcionalitás tervezése",
            "description": "Készíts új funkciókat a felhasználói értesítésekhez.",
            "status": "analysis",
            "creation_date": "2024-09-10",
            "deadline": "2024-09-23"
        },
        {
            "project_id": 4,
            "story_id": 8,
            "creator_id": 19,
            "responsible_id": 35,
            "name": "Bejelentkezési hibák javítása",
            "description": "Javítsd az alkalmazás teljesítményét a háttérszolgáltatások optimalizálásával.",
            "status": "new",
            "creation_date": "2024-07-07",
            "deadline": "2024-08-30"
        },
        {
            "project_id": 2,
            "story_id": 3,
            "creator_id": 9,
            "responsible_id": 35,
            "name": "Rendszerarchitektúra tervezése",
            "description": "Fejleszd az alkalmazás offline működési képességeit.",
            "status": "analysis",
            "creation_date": "2024-02-23",
            "deadline": "2024-04-13"
        },
        {
            "project_id": 1,
            "story_id": 2,
            "creator_id": 16,
            "responsible_id": 18,
            "name": "Adatbázis sémák módosítása",
            "description": "Javítsd ki a hibát, amely megszakadásokhoz vezet a bejelentkezési folyamat során.",
            "status": "stopped",
            "creation_date": "2024-02-11",
            "deadline": "2024-02-22"
        },
        {
            "project_id": 8,
            "story_id": 15,
            "creator_id": 23,
            "responsible_id": 19,
            "name": "Szerver teljesítményének javítása",
            "description": "Javítsd az alkalmazás hozzáférhetőségét a fogyatékkal élő felhasználók számára.",
            "status": "analysis",
            "creation_date": "2023-12-03",
            "deadline": "2024-01-06"
        },
        {
            "project_id": 4,
            "story_id": 8,
            "creator_id": 31,
            "responsible_id": 18,
            "name": "Automatizált tesztek beállítása",
            "description": "Írj átfogó egységteszteket az új funkciókhoz.",
            "status": "analysis",
            "creation_date": "2024-07-03",
            "deadline": "2024-08-30"
        }
    ]
}