{
    "companies": [
        {
            "name": "OCP",
            "description": "Az OCP egy technológiai és biztonsági vállalat, amely a legújabb technológiák és rendszerek fejlesztésére összpontosít."
        }
    ],
    "teams": [
        {
            "name": "Robotikai fejlesztések",
            "company": "OCP",
            "description": "Fejlesztések a robotikai rendszerek terén, beleértve a mesterséges intelligenciát és a robotok funkcionalitását."
        },
        {
            "name": "Kampánymenedzsment",
            "company": "OCP",
            "description": "Rendőrségi kampányok és értékesítés, valamint a robotok jogi és szabályozási ügyek kezelése."
        }
    ],
    "squads": [
        {
            "name": "Intelligencia fejlesztés",
            "team": "Robotikai fejlesztések",
            "description": "Mesterséges intelligencia és gépi tanulás fejlesztése, beleértve az algoritmusokat és adatfeldolgozást."
        },
        {
            "name": "Funkcionalitás fejlesztés",
            "team": "Robotikai fejlesztések",
            "description": "Robotok funkcionalitásának fejlesztése, új funkciók és képességek hozzáadása."
        },
        {
            "name": "Rendvédelmi robotok",
            "team": "Robotikai fejlesztések",
            "description": "Rendvédelmi célú robotok fejlesztése, beleértve a biztonsági és felügyeleti rendszereket."
        },
        {
            "name": "Katonai robotok",
            "team": "Robotikai fejlesztések",
            "description": "Katonai alkalmazásokra tervezett robotok fejlesztése, például taktikai és stratégiai eszközök."
        },
        {
            "name": "Értékesítés és támogatás",
            "team": "Kampánymenedzsment",
            "description": "Robotok értékesítése és ügyféltámogatás, beleértve az ügyfélkapcsolatok kezelését."
        },
        {
            "name": "Jog és szabályozás",
            "team": "Kampánymenedzsment",
            "description": "Jogi és szabályozási ügyek kezelése, például a robotok törvényes megfelelősége és etikai kérdések."
        },
        {
            "name": "Digitális kampánymenedzsment",
            "team": "Kampánymenedzsment",
            "description": "Digitális kampányok kezelése és optimalizálása, beleértve a közösségi média és online hirdetések."
        },
        {
            "name": "CRM fejlesztés",
            "team": "Kampánymenedzsment",
            "description": "CRM rendszerek fejlesztése és karbantartása, ügyfélkapcsolati folyamatok automatizálása."
        }
    ],
    "positions": [
        {
            "name": "Fejlesztő",
            "description": "Szoftverfejlesztő, aki új programokat és alkalmazásokat készít."
        },
        {
            "name": "Tudós",
            "description": "Kutató és tudós, aki az új technológiák és rendszerek kutatásával és fejlesztésével foglalkozik."
        },
        {
            "name": "Rendőr",
            "description": "Rendvédelmi feladatokat ellátó személy, aki a robotok biztonsági és felügyeleti rendszereit kezeli."
        },
        {
            "name": "Katona",
            "description": "Katonai feladatokat ellátó személy, aki katonai robotokkal és rendszerekkel foglalkozik."
        },
        {
            "name": "Ügyfélszolgálatos",
            "description": "Ügyfélszolgálatot ellátó személy, aki a robotok értékesítésével és ügyféltámogatással foglalkozik."
        },
        {
            "name": "Jogi szakértő",
            "description": "Jogi szakértő, aki a robotokkal kapcsolatos jogi és szabályozási ügyeket kezeli."
        },
        {
            "name": "Digitális kampány szakértő",
            "description": "Digitális kampány szakértő, aki a robotok digitális kampányait kezeli és optimalizálja."
        }
    ],
    "employees": [
        {"name": "Jira Rendszer", "squad": "Intelligencia fejlesztés", "position": "Fejlesztő"},
        {"name": "Nagy Béla", "squad": "Funkcionalitás fejlesztés", "position": "Fejlesztő"},
        {"name": "Dr. Farkas Cecil", "squad": "Rendvédelmi robotok", "position": "Tudós"},
        {"name": "Par. Szabó Dávid", "squad": "Katonai robotok", "position": "Katona"},
        {"name": "Kádár Erika", "squad": "Értékesítés és támogatás", "position": "Ügyfélszolgálatos"},
        {"name": "Tóth Fruzsina", "squad": "Jog és szabályozás", "position": "Jogi szakértő"},
        {"name": "Horváth Gábor", "squad": "Digitális kampánymenedzsment", "position": "Digitális kampány szakértő"},
        {"name": "Molnár Zoltán", "squad": "Intelligencia fejlesztés", "position": "Fejlesztő"},
        {"name": "Szilágyi Krisztina", "squad": "Funkcionalitás fejlesztés", "position": "Fejlesztő"},
        {"name": "Dr. Kiss László", "squad": "Rendvédelmi robotok", "position": "Tudós"},
        {"name": "Ezr. Nagy Márta", "squad": "Katonai robotok", "position": "Katona"},
        {"name": "Varga Péter", "squad": "Értékesítés és támogatás", "position": "Ügyfélszolgálatos"},
        {"name": "Papp Judit", "squad": "Jog és szabályozás", "position": "Jogi szakértő"},
        {"name": "Kovács István", "squad": "Digitális kampánymenedzsment", "position": "Digitális kampány szakértő"},
        {"name": "Farkas János", "squad": "Intelligencia fejlesztés", "position": "Fejlesztő"},
        {"name": "Tóth Zsuzsanna", "squad": "Funkcionalitás fejlesztés", "position": "Fejlesztő"},
        {"name": "Dr. Szabó Gergely", "squad": "Rendvédelmi robotok", "position": "Tudós"},
        {"name": "Kádár Andrea", "squad": "Katonai robotok", "position": "Katona"},
        {"name": "Horváth Tamás", "squad": "Értékesítés és támogatás", "position": "Ügyfélszolgálatos"},
        {"name": "Nagy Eszter", "squad": "Jog és szabályozás", "position": "Jogi szakértő"},
        {"name": "Molnár Róbert", "squad": "Digitális kampánymenedzsment", "position": "Digitális kampány szakértő"},
        {"name": "Kiss Miklós", "squad": "Intelligencia fejlesztés", "position": "Fejlesztő"},
        {"name": "Papp Lilla", "squad": "Funkcionalitás fejlesztés", "position": "Fejlesztő"},
        {"name": "Dr. Varga Zoltán", "squad": "Rendvédelmi robotok", "position": "Tudós"},
        {"name": "Szilágyi Katalin", "squad": "Katonai robotok", "position": "Katona"},
        {"name": "Kádár Gábor", "squad": "Értékesítés és támogatás", "position": "Ügyfélszolgálatos"},
        {"name": "Horváth Boglárka", "squad": "Jog és szabályozás", "position": "Jogi szakértő"},
        {"name": "Dr. Farkas Ferenc", "squad": "Digitális kampánymenedzsment", "position": "Digitális kampány szakértő"},
        {"name": "Kovács Krisztina", "squad": "Intelligencia fejlesztés", "position": "Fejlesztő"},
        {"name": "Nagy József", "squad": "Funkcionalitás fejlesztés", "position": "Fejlesztő"},
        {"name": "Ezr. Szabó Kornél", "squad": "Rendvédelmi robotok", "position": "Tudós"},
        {"name": "Kádár Hajnalka", "squad": "Katonai robotok", "position": "Katona"},
        {"name": "Horváth Mária", "squad": "Értékesítés és támogatás", "position": "Ügyfélszolgálatos"},
        {"name": "Nagy Nóra", "squad": "Jog és szabályozás", "position": "Jogi szakértő"},
        {"name": "Kiss Gábor", "squad": "Digitális kampánymenedzsment", "position": "Digitális kampány szakértő"}
    ]
}
